:020000040800F2
:10000000E85D00204D020008D98A0008697E0008DA
:10001000D58A00083D080008A5C600085F02000850
:10002000000000000000000000000000F1AE000829
:100030004108000800000000F18A000871B20008C1
:1000400069020008690200086902000869020008E4
:1000500069020008690200086902000869020008D4
:1000600069020008690200086902000869020008C4
:1000700069020008690200086902000869020008B4
:1000800069020008690200086902000869020008A4
:100090006902000869020008690200086902000894
:1000A0006902000869020008690200086902000884
:1000B00000000000690200086902000869020008E7
:1000C0006902000869020008690200086902000864
:1000D0006902000869020008690200086902000854
:1000E0006902000869020008690200086902000844
:1000F0006902000869020008690200086902000834
:1001000069020008DDB200086902000869020008FF
:100110006902000869020008690200086902000813
:100120006902000869020008690200086902000803
:1001300069020008690200086902000869020008F3
:1001400069020008690200086902000869020008E3
:1001500069020008690200086902000869020008D3
:1001600069020008DD8A00086902000869020008C7
:10017000690200086902000869A300086902000812
:1001800069020008690200086902000869020008A3
:100190006902000869020008690200086902000893
:1001A0006902000869020008690200086902000883
:1001B00069020008000000006902000869020008E6
:1001C00069020008000000006902000869020008D6
:1001D0006902000869020008690200086902000853
:1001E0006902000869020008690200086902000843
:1001F0000000000000000000690200086902000819
:100200006902000869020008690200086902000822
:100210006902000869020008690200086902000812
:100220006902000869020008690200086902000802
:100230006902000869020008DFF80CD000F07CFABF
:100240000048004739EA0008E85D00200748804779
:1002500007480047FEE7FEE7FEE7FEE7FEE7FEE7AA
:10026000FEE7FEE7FEE7FEE7FEE7000091B20008CA
:10027000390200082DE9F05F0546002092469B46B2
:1002800088460646814640241BE0284641464746AC
:10029000224600F089F853465A46C01A914110D3BD
:1002A00011461846224600F070F82D1A67EB010837
:1002B0004F4622460120002100F067F817EB0009A5
:1002C0004E41201EA4F10104DFDC484631462A4697
:1002D0004346BDE8F09F40EA01039B0703D009E0D5
:1002E00008C9121F08C0042AFAD203E011F8013B22
:1002F00000F8013B521EF9D27047D2B201E000F87B
:10030000012B491EFBD270470022F6E710B51346B9
:100310000A4604461946FFF7F0FF204610BD30B5E7
:1003200004460020034600E05B1C934203D2E05CDD
:10033000CD5C401BF8D030BD00F0004230F00040F2
:100340000AD0C10D01F56071C0F3160042EA0151F7
:10035000C20840071143704700200146704730B57E
:100360000B46014600202022012409E021FA02F573
:100370009D4205D303FA02F5491B04FA02F528440D
:10038000151EA2F10102F1DC30BD202A04DB203A67
:1003900000FA02F1002070479140C2F1200320FAD8
:1003A00003F3194390407047202A04DB203A21FAD6
:1003B00002F00021704721FA02F3D040C2F120027E
:1003C00091400843194670472DE9FE4F804681EA67
:1003D0000300C00F0C46009021F0004123F00045BF
:1003E000B8EB0200A94105D24046214690461C4682
:1003F0000B46024623F00040104347D0270DC7F3B9
:100400000A00C3F30A510290401A019040286BDAA7
:10041000C3F3130040F4801B0098924620B10023E0
:10042000D2EB030A63EB0B0B01985946C0F1400273
:100430005046FFF7AAFF06460D4650465946019A18
:1004400000F08CF910EB08006141002487EA11529A
:1004500084EAE7731A4340D0009A62B3019A012AF2
:100460004FEA075215DC001B61EB02014FF000421E
:1004700002EA0752CDE90042001C41F580113246E4
:100480002B4600F08CF903B0BDE8F08F40462146C2
:10049000F9E7001B61EB0201001C41F58013001815
:1004A0005B412018A2F5001747EB030140EAD57025
:1004B000B6196D4111E06D084FEA360645EAC07580
:1004C0004FEA0752001B61EB0201001C41F580114D
:1004D00049084FEA30000019514132462B4603B01B
:1004E000BDE8F04F00F04CB9009801224000002315
:1004F000D0EB020263EBE073009821464FEAE07410
:10050000B8EB000061EB0401E9E783F000435BE72F
:1005100081F0004158E72DE9FE4F81EA030404F021
:10052000004421F0004100944FF0000B23F0004301
:1005300050EA01045ED052EA03045BD0C3F30A54CC
:10054000C1F30A552C44A4F2F3340194A0FB0254E5
:10055000C1F3130141F48011C3F3130343F4801377
:1005600001FB024400FB034E840A970A44EA8154CB
:1005700047EA8357A4FB076802958D0A05FB0785A8
:100580004FEA932C04FB0C542705029D4FEA0658B2
:1005900047EA1637B5EB08056EEB070C870E920E8F
:1005A00047EA811742EA8312A7FB0201B6EB0B016F
:1005B00064EB00042B0D43EA0C335E1844EB1C5033
:1005C000DA465146E7FB0201C5F313044FEA0B3349
:1005D00043EA14534FEA0432019C43EA0603A4F1B0
:1005E0000C040294009CCDE900B400F0D8F803B0EC
:1005F000BDE8F08F00200146F9E72DE9F04D81EAD2
:10060000030404F0004B21F0004514464FF0000AAB
:1006100023F0004150EA050220D054EA01021DD027
:10062000C5F30A570246C5F31303C1F31300C1F320
:100630000A5640F4801543F48013A7EB0608101BFC
:10064000D64608F2FD3873EB050002D308F1010825
:1006500001E092185B41B8F1000F03DA0020014677
:10066000BDE8F08D00204FF48011064684460EE070
:10067000171B73EB050705D3121B63EB050306433A
:100680004CEA010C49084FEA300092185B4150EAED
:100690000107EDD152EA030012D082EA040083EA96
:1006A0000501084305D0101BAB4106D201220023EF
:1006B00006E000224FF0004302E06FF00102531009
:1006C0001AEB06004CEB085110EB0A0041EB0B0152
:1006D000BDE8F04D00F054B8C1F30A52C1F3130164
:1006E00040F2FF3341F480119A4202DA00200146C1
:1006F000704740F233439A42A2F2334202DC524244
:10070000FFF752BEFFF741BE30B5041E71F1000481
:1007100004DB4FF00044404264EB0101141E73F10E
:10072000000405DB1C464FF00043524263EB040318
:10073000994208BF904230BD064C074D06E0E06884
:1007400040F0010394E8070098471034AC42F6D318
:10075000FFF776FD3431010854310108202A06DB09
:10076000CB17203A41FA02F043EAE07306E041FA7F
:1007700002F3D040C2F1200291400843194670476D
:1007800010B5141E73F1000408DA401C41F1000199
:1007900092185B411A4301D120F0010010BD2DE9F0
:1007A000F04D92469B4611B1B1FA81F202E0B0FAE7
:1007B00080F220329046FFF7E8FD04460F4640EAFB
:1007C0000A0041EA0B0153465A46084313D011462A
:1007D00053EA010019D0C8F140025046FFF7E4FD8A
:1007E00005460E46504659464246FFF7CEFD0843A1
:1007F00005D0012004E020463946BDE8F08D0020F8
:10080000054346EAE0762C4337430A986305E40A39
:10081000A0EB08000022FD0A44EA47540A3002D542
:1008200000200146E9E7010510196941DDE90845A5
:1008300000196941BDE8F04DA2E70000FEE70000A5
:1008400070470000EFF3108072B600BFFEE70000B3
:100850002DE9F04F81B02DED108BADF53C7D0028DA
:1008600000F0E480064640F29000C2F200004078BA
:10087000012840F0E38015460C4609F07BFD002876
:1008800000F0E4807068B16A221A631A306C317823
:10089000271A00294FF000003A923893339718BF77
:1008A0000121B2F57A7F98BF012096F824200840F4
:1008B0003990002A18BF01220020B3F57A7F98BF33
:1008C000012096F83C1010403790002918BF0121F4
:1008D0000020B7F57A7F98BF012008403690B068B5
:1008E000FFF72AFD41EC100BF0688DED340BFFF79C
:1008F00023FD41EC100B30698DED300BFFF71CFD33
:1009000041EC100B70698DED2E0BFFF715FD41ECDE
:10091000100BB0698DED2C0BFFF70EFD41EC1C0B9D
:10092000F069FFF709FD41EC1D0B306AFFF704FD8C
:1009300041EC1E0B96F92C0096F92DA02B90306BF4
:1009400096F92E90FFF7F8FC41EC1F0B706BFFF748
:10095000F3FC41EC180BB06BFFF7EEFC41EC190B0C
:10096000F06CB6F944B0B6F94670B6F94880FFF7B6
:10097000E3FC41EC1A0B306DFFF7DEFC41EC1B0B86
:10098000706DFFF7D9FC41EC100B33988DED24AB63
:100990008DED280BCDE920B71F908DED26BB369845
:1009A0008DED18FB9DED340B1E908DED1A8B379855
:1009B0008DED040B9DED300B12908DED1C9B389846
:1009C0008DED060B9DED2E0B13908DED0CCB2B9822
:1009D0008DED080B9DED2C0B14908DED0EDB3998F1
:1009E0008DED0A0B42F2C8728DED10EB3A9F01902B
:1009F0003BA8C0F601024FF400712346CDF8888071
:100A0000CDF854A0CDF858900095029710F08AFECA
:100A100004460020B0EB542F20D002200DF53C7D81
:100A2000BDEC108B01B0BDE8F08F00BF13200DF5B9
:100A30003C7DBDEC108B01B0BDE8F08F0C200DF5B6
:100A40003C7DBDEC108B01B0BDE8F08F03200DF5AF
:100A50003C7DBDEC108B01B0BDE8F08FBB9040F247
:100A6000D0103BA9C2F20000BBAB22460CF03CFF09
:100A70000146BB9800290A4608BF0222001B18BF86
:100A80001046002918BF10460DF53C7DBDEC108BBB
:100A900001B0BDE8F08F00002DE9F04387B040F2CF
:100AA0009008C2F2000898F8010028B100242046FE
:100AB00007B0BDE8F08300BF00200CF0C5F8C00708
:100AC00042D198F8000018B342F6C010C0F60100F9
:100AD00001A90CF017FE04283CD0044620B99DF86B
:100AE0000C00082121EA5004ECB398F80100012819
:100AF00008D140F2D010C2F200000CF007F900203B
:100B0000A8F8010098F800000128D0D179E000BFD2
:100B100009F030FCC0B140F20444C2F200042046A7
:100B20004FF40C71FFF7F0FB42F63811C0F60101EB
:100B30002046012201250CF06FFA04460028B6D1A8
:100B400088F80050C0E700BF0324204607B0BDE886
:100B5000F08300BF42F6C010C0F601000CF0F0F8C0
:100B60000446002CC1D1002408F102055CA601AFA7
:100B700042F20F790134284620213246234610F0F4
:100B8000D1FD1F2828D8284639460CF0BBFD18B9DE
:100B90004C45EFD1072422E004281FD140F2D010A9
:100BA000C2F2000029460A220CF0B8FAC0B304468B
:100BB00098F80100012808D140F2D010C2F20000DC
:100BC0000CF0A4F80020A8F8010098F80000012813
:100BD0007FF46DAF15E000BF062400E0012498F813
:100BE0000100012808D140F2D010C2F200000CF040
:100BF0008DF80020A8F8010098F8000001287FF483
:100C000056AF42F63811C0F601010020012200253E
:100C10000CF002FA88F80050204607B0BDE8F083D7
:100C20000020019040F2D01042F2A011C2F2000068
:100C300001ABC0F601014FF49A720CF055FE044668
:100C4000002808BF022425D10198B0F59A7F21D150
:100C500040F2D010C2F200000CF0B0FDA0B3044688
:100C600040F2D010C2F200000CF050F898F80100E9
:100C7000012808D140F2D010C2F200000CF046F872
:100C80000020A8F8010098F8000001287FF40FAFB9
:100C9000B7E700BF40F2D010C2F200000CF036F807
:100CA00098F80100012808D140F2D010C2F20000EB
:100CB0000CF02CF80020A8F8010098F8000001289A
:100CC0007FF4F5AE9DE700BF012088F8010009A080
:100CD000294610F017FD0024204607B0BDE8F08338
:100CE000303A2F4C4F472F4C4F47253034752E4309
:100CF000535600005B46617446735D20E697A5E598
:100D0000BF97E69687E4BBB6E5B7B2E68993E5BC44
:100D1000803A2025730D0A00B0B540F29005C2F26A
:100D20000005687801280CD140F2D014C2F200040A
:100D300020460CF043FD20460BF0E8FF0020A5F80C
:100D400001002878012818BFB0BD42F63811C0F65E
:100D500001010020012200240CF05EF92C70B0BDCE
:100D600040F29000C2F20000407801281CBF0C2025
:100D7000704740F2D010C2F200000CF01FBD00001E
:100D8000132882BF42F6E910C0F60100704740B256
:100D900042F26C01C0F6010151F8200070470000DA
:100DA000B0B5ADF5926D0020CDE9980018A84FF4CC
:100DB0000071FFF7A9FA68466021FFF7A5FA09F06C
:100DC000D9FA38B300200BF03FFFC0072CD140F216
:100DD0009005C2F20005287870B30FF20C5011F0A4
:100DE0002FF942F65D219AA8C0F601010A220CF003
:100DF00095F9002866D002460138C1B2122900F2E6
:100E00007B8040B242F2BC01C0F6010151F82010D3
:100E100076E000BF42F6DA00C0F6010011F010F9EA
:100E20000DF5926DB0BD00BF0FF2744011F008F9DE
:100E30000DF5926DB0BD00BF09F09CFA002833D0CB
:100E400040F20444C2F2000420464FF40C71FFF754
:100E50005BFA42F63811C0F6010120460122012456
:100E60000CF0DAF8132800F2CF8042F60921C0F620
:100E70000101DFE810F015001E00CF001900D500B9
:100E8000DB00E100E700ED00F300F900FF000501E1
:100E90000B01110117011D01230129012F0100BFC1
:100EA0000120287099E700BF42F66B21C0F60101CE
:100EB00003240FF21440224610F024FC0DF5926D2D
:100EC000B0BD00BF42F2D5219AA899ABC0F601018E
:100ED00017220CF009FD999B0246002808BF172B2A
:100EE0002ED0132A3ED850B242F26C01C0F6010156
:100EF00051F820103AE000BF42F6E911C0F60101B6
:100F00000FF2FC3010F0FEFB6878012808D140F2A7
:100F1000D010C2F200000BF0F9FE0020A5F801008D
:100F2000287801283AD142F63811C0F60101002094
:100F3000012200240CF070F82C700DF5926DB0BDFC
:100F40009AA80CF03BFC68B302460138C1B21229E2
:100F50003CD840B242F2BC01C0F6010151F8201069
:100F600038E000BF42F6E911C0F6010142F65E002A
:100F7000C0F6010010F0C6FB9AA80BF0C7FE687817
:100F8000012808D140F2D010C2F200000BF0BEFEE2
:100F90000020A5F8010028780128C4D00DF5926D35
:100FA000B0BD00BF9AA80BF0B1FE002800F09880F9
:100FB00002460138C1B2122900F2A88040B242F2C2
:100FC000BC01C0F6010151F82010A3E042F6E9117E
:100FD000C0F6010142F25070C0F6010010F092FB21
:100FE0009AA80BF093FE6878012808D140F2D0103F
:100FF000C2F200000BF08AFE0020A5F8010028785C
:101000000128CBD18FE700BF42F6E911C0F60101FC
:1010100004464EE742F61521C0F60101022448E7D6
:1010200042F68111C0F60101042442E742F6C711DD
:10103000C0F6010105243CE742F68C11C0F601011F
:10104000062436E742F63B11C0F60101072430E7DB
:1010500042F64921C0F6010108242AE742F6372169
:10106000C0F60101092424E742F65E11C0F6010131
:101070000A241EE742F6AF11C0F601010B2418E75F
:1010800042F64F11C0F601010C2412E742F6D811C6
:10109000C0F601010D240CE742F67111C0F6010102
:1010A0000E2406E742F65221C0F601010F2400E7A4
:1010B00042F64511C0F601011024FAE642F69C11F1
:1010C000C0F601011124F4E642F62021C0F6010128
:1010D0001224EEE642F6F411C0F601011324E8E60C
:1010E00042F65D219AA8C0F6010101220CF016F823
:1010F00040B302460138C1B2122939D840B242F297
:10110000BC01C0F6010151F8201035E042F6E911AA
:10111000C0F6010142F27C70C0F6010010F0F2FA54
:101120006878012808D140F2D010C2F200000BF01C
:10113000EDFD0020A5F80100287801287FF42EAFEE
:10114000F1E600BF6C469AA898AB21465F220CF0EE
:10115000A7F948B302460138C1B212294CD840B2AF
:1011600042F2BC01C0F6010151F8201048E000BF76
:1011700042F6E911C0F6010142F22A70C0F6010000
:1011800010F0C0FA6878012808D140F2D010C2F2FD
:1011900000000BF0BBFD0020A5F801002878012815
:1011A0007FF4FCAEBFE600BF9898002121549AA8B6
:1011B0000BF0ACFD42F2D521C0F60101204617220A
:1011C000FFF7ADF8B0B342F63A00C0F60100694649
:1011D00010F098FA6878012808D140F2D010C2F2D5
:1011E00000000BF093FD0020A5F8010028780128ED
:1011F0007FF4D4AE97E600BF42F6E911C0F60101D4
:1012000042F2A870C0F6010010F07CFA9AA80BF028
:101210007DFD6878012808D140F2D010C2F20000AC
:101220000BF074FD0020A5F80100287801287FF458
:10123000B5AE78E618A900200022012309F068FD68
:10124000B0B142F61010C0F6010010F0F9FE687857
:10125000012808D140F2D010C2F200000BF056FD78
:101260000020A5F80100287801287FF497AE5AE6FF
:1012700042F69600C0F6010010F0E2FE6878012800
:1012800008D140F2D010C2F200000BF03FFD002068
:10129000A5F80100287801287FF480AE43E600BF5E
:1012A0005B46617446735D20E5BA95E5B182E7A3BC
:1012B00081E79B98E5889DE5A78BE58C96E5A4B131
:1012C000E8B4A50D000000005B46617446735D2024
:1012D000E68C82E8BDBDE5A4B1E8B4A53A2025734B
:1012E00020282564290D0A005B46617446735D2041
:1012F000E68C82E8BDBDE68890E58A9F0D0000007F
:101300005B46617446735D20E68993E5BC80E6B573
:101310008BE8AF95E69687E4BBB6E5A4B1E8B4A543
:101320003A20257320282564290D0A002DE9F04F65
:1013300083B040F2004AC4F2022A814600274FF0EF
:1013400080080AF580664FF4FA6B00250AE000BFBA
:101350003046042101F0C6F8012808BF25430137B3
:10136000082F49D050464FF48061002228FA07F434
:1013700001F0BEF814EA0902304618BF012202212A
:1013800001F0B6F8CDF804B00198411E019188B182
:1013900000BF0198411E019160B100BF0198411E3C
:1013A000019138B100BF0198411E019110B100BFF9
:1013B000EAE700BF50464FF48061012201F098F83F
:1013C000CDF808B00298411E00280291C0D000BF9D
:1013D0000298411E00280291BAD000BF0298411E17
:1013E00000280291B4D000BF0298411E002802914B
:1013F000AED000BFE6E700BFE8B203B0BDE8F08FB3
:10140000F0B583B005468F2040F60006ADF8060023
:101410000020C4F202260C46ADF80400304620211C
:10142000012201F065F8C827029700BF0298411E0B
:10143000029188B100BF0298411E029160B100BFC5
:101440000298411E029138B100BF0298411E0291DC
:1014500010B100BFEAE700BF30462021002201F0B2
:1014600047F802970298411E029188B100BF029886
:10147000411E029160B100BF0298411E029138B135
:1014800000BF0298411E029110B100BFEAE700BF01
:1014900040F624400A270DF10601C2F2000001AA1D
:1014A0000223009705F056FF07463046202101220F
:1014B00001F01EF8C82002900298411E029188B1E6
:1014C00000BF0298411E029160B100BF0298411E08
:1014D000029138B100BF0298411E029110B100BFC5
:1014E000EAE700BF002D1CBF9DF804002870002C07
:1014F0001CBF9DF805002070384603B0F0BD000009
:101500002DE9F04786B0804640F624404FF0000AAF
:1015100040F60009C2F20000C4F20229CDF814A07E
:1015200005F052FC40F68C40C4F20260016801AF45
:1015300041F0010101600168012401F00101009105
:1015400000990168022541F002010160016801F083
:10155000020100910099016841F0040101600068F6
:10156000394600F004000090009820200190484681
:10157000CDE9024A049500F0A7FE1020A9F5006607
:1015800001903046394600F09FFE4FF4806001A97B
:1015900081E81104A9F5806420463946049500F0DD
:1015A00093FE48463946019500F08EFE0420CDE9B1
:1015B000010A48463946CDF80C8000F085FE4846C1
:1015C0002021012200F094FF30461021012200F07A
:1015D0008FFF20464FF48061012200F089FF4846CA
:1015E0000221002200F084FF4FF47A64019400BFCE
:1015F0000198411E019188B100BF0198411E0191DF
:1016000060B100BF0198411E019138B100BF01983F
:10161000411E019110B100BFEAE700BF48462021FA
:10162000002200F065FF01940198411E019188B1EC
:1016300000BF0198411E019160B100BF0198411E99
:10164000019138B100BF0198411E019110B100BF56
:10165000EAE700BF8F20FFF769FE06460020FFF78C
:1016600065FE074648462021012200F041FF4FF465
:101670007A6001900198411E019188B100BF0198E4
:10168000411E019160B100BF0198411E019138B126
:1016900000BF0198411E019110B100BFEAE700BFF1
:1016A00042F6C55242F6D050C0F6010242F6D95178
:1016B000C0F60100B8F1020F08BF0246C0F60101F2
:1016C000B8F1010F18BF114604A032463B4610F096
:1016D00019F807F001F906B0BDE8F0875B48334C14
:1016E0004953313030444C20444941475D20424900
:1016F0005442414E472070756C6C3D257320545800
:101700003D5B38462030305D2052583D5B253032FD
:101710005820253032585D0D0A0000002DE9F043B5
:1017200085B040F60009C4F2022948462021012272
:1017300000F0DEFE0A204FF00A0800F0B1FD8F270E
:101740000026484620210022ADF80E70ADF80C604E
:1017500000F0CEFE40F624400DF10E01C2F2000072
:1017600003AA0223CDF8008005F0F4FD05464846A3
:101770002021012200F0BCFE9DF80C009DF80F1006
:101780009DF80D409DF80E30CDE9001042F6F26054
:10179000C0F6010001212A4602940FF0B3FF002D8C
:1017A00008BF322C73D0052000F07AFD4846202176
:1017B0000022ADF80E70ADF80C6000F099FE40F616
:1017C00024400DF10E01C2F2000003AA0223CDF85D
:1017D000008005F0BFFD054648462021012200F0AB
:1017E00087FE9DF80C009DF80F109DF80D409DF8A8
:1017F0000E30CDE9001042F6F260C0F60100022181
:101800002A4602940FF07EFF002D08BF322C3ED0F6
:10181000052000F045FD8F20ADF80E00002548465C
:1018200020210022ADF80C5000F062FE40F624406A
:101830000A270DF10E01C2F2000003AA022300974D
:1018400005F088FD064648462021012200F050FEA2
:101850009DF80C009DF80F109DF80D70002E9DF85E
:101860000E3008BF3D46CDE9001042F6F260C0F6EA
:1018700001000321324602970FF044FF002E08BFFB
:10188000322D04D0052000F00BFD322D6ED148F230
:101890002100ADF8100048462021002200F028FE6B
:1018A00040F62440C2F2000004A902220A2305F0F7
:1018B00067FB054648462021012200F019FE3DB194
:1018C0005DA010F0BDFB4FF0FF3005B0BDE8F08328
:1018D0000A2000F0E5FC42F62070ADF81000484602
:1018E0002021002200F004FE40F62440C2F2000055
:1018F00004A902220A2305F043FB0546484620219D
:10190000012200F0F5FD5DB142F66070C0F6010005
:1019100010F096FB4FF0FF3005B0BDE8F08300BF3C
:101920002320ADF81000484620210022002700F0B7
:10193000DFFD40F62440C2F2000004A902220A237F
:101940000A2605F01DFB054648462021012200F02D
:10195000CFFDBDB142F68670C0F6010010F070FBFD
:101960004FF0FF3005B0BDE8F08300BF22A029464C
:1019700032220FF0C7FE00F071F84FF0FF3005B0D3
:10198000BDE8F083A020ADF81000484620210022D9
:10199000ADF8127000F0ACFD40F6244004A9C2F28C
:1019A00000000DF112020223009605F0D3FC05465B
:1019B00048462021012200F09BFD0DB100210DE0E1
:1019C0009DF813102F2909D142F6AC70C0F6010022
:1019D00010F036FB002005B0BDE8F08342F6E7507A
:1019E000C0F601000FF08EFE00F038F84FF0FF3027
:1019F00005B0BDE8F08300BF5B48334C495331303C
:101A000030444C5D20696E6974206661696C656460
:101A1000202857484F5F414D5F493D30782530328F
:101A2000582065787065637465643D307825303280
:101A300058290D0A000000005B48334C49533130EF
:101A400030444C5D20696E6974206661696C656420
:101A50002028424F4F54290D000000002DE9F04F7F
:101A60008BB043F2CA0040F60009C0F60100C4F290
:101A7000022910F0E5FA43F28F00C0F6010010F0E1
:101A8000DFFA4846202100F02DFD01460FF21060DC
:101A90000FF038FE8F20ADF81800002648462021B0
:101AA0000022ADF8166000F023FD40F6244A0A201B
:101AB0000DF11808C2F2000A0DF1160B0090504605
:101AC00041465A46022305F045FC0446484620217B
:101AD000012200F00DFD9DF818009DF8191042F646
:101AE000A9679DF816209DF817508DE80700C0F6ED
:101AF000010743F20F11C0F6010138460F222346B9
:101B000003950FF0FFFDA020ADF8180048462021F6
:101B10000022ADF8166000F0EBFC504641465A46F4
:101B200002230A25009505F015FC044648462021AD
:101B3000012200F0DDFC9DF818009DF819109DF8B9
:101B400016209DF817508DE8070043F2F101C0F60A
:101B5000010138462022234603950FF0D3FDA12032
:101B6000ADF81800484620210022ADF8166000F0BC
:101B7000BFFC504641465A4602230A25009505F00F
:101B8000E9FB044648462021012200F0B1FC9DF803
:101B900018009DF819109DF816209DF817508DE833
:101BA000070043F2FB01C0F601013846212223461B
:101BB00003950FF0A7FDA320ADF81800484620219B
:101BC0000022ADF8166000F093FC504641465A469C
:101BD00002230A25009505F0BDFB04464846202156
:101BE000012200F085FC9DF818009DF819109DF861
:101BF00016209DF817508DE8070043F20511C0F636
:101C0000010138462322234603950FF07BFDA720D0
:101C1000ADF81800484620210022ADF8166000F00B
:101C200067FC504641465A4602230A25009505F0B6
:101C300091FB044648462021012200F059FC9DF802
:101C400018009DF819109DF816209DF817508DE882
:101C5000070043F21811C0F6010138462722234637
:101C600003950FF04FFD0FF2604010F0E9F90420EA
:101C7000069002210120CDE90801052007910A9074
:101C800006A948464FF0040A00F01EFB012000F0B0
:101C900007FB0DF1180B0DF11608584641468DF85B
:101CA00018608DF81660FFF7ABFB9DF8181042F630
:101CB000626542F6D9549DF81670C0F60105C0F66B
:101CC00001040346009128462146012201970FF0A6
:101CD00019FD022000F0E4FA584641468DF81860DC
:101CE0008DF81660FFF78CFB9DF818109DF81670A4
:101CF0000346009128462146022201970FF002FD7B
:101D0000022000F0CDFA584641468DF818608DF853
:101D10001660FFF775FB9DF818109DF816700346C6
:101D2000009128462146032201970FF0EBFC022088
:101D300000F0B6FA0220CDF818A0CDE9070009900E
:101D40004FF0050A484606A9CDF828A000F0BCFAD5
:101D5000012000F0A5FA584641468DF818608DF82C
:101D60001660FFF74DFB9DF8181042F6D0549DF811
:101D70001670C0F601040346009128462146012250
:101D800001970FF0BFFC022000F08AFA5846414646
:101D90008DF818608DF81660FFF732FB9DF818106B
:101DA0009DF81670034600912846214602220197AD
:101DB0000FF0A8FC022000F073FA584641468DF857
:101DC00018608DF81660FFF71BFB9DF818109DF842
:101DD00016700346009128462146032201970FF012
:101DE00091FC022000F05CFA042006900220CDE96C
:101DF0000706CDE9090A484606A94FF0050A00F092
:101E000063FA012000F04CFA584641468DF81860FC
:101E10008DF81660FFF7F4FA9DF8181042F6C554D5
:101E20009DF81670C0F6010403460091284621462D
:101E3000012201970FF066FC022000F031FA5846AB
:101E400041468DF818608DF81660FFF7D9FA9DF8B5
:101E500018109DF81670034600912846214602226C
:101E600001970FF04FFC022000F01AFA5846414645
:101E70008DF818608DF81660FFF7C2FA9DF81810FB
:101E80009DF81670034600912846214640F62444EA
:101E90000322C2F2000401970FF034FC022000F08C
:101EA000FFF994A010F0CCF8042006900221012044
:101EB00008AA079182E8030406A9484600F004FA3C
:101EC00020468DF818608DF8166004F07DFF0246FC
:101ED00001280FD82046C4E9046604F08FFF0246AB
:101EE00040B9012000F0DCF906A80DF11601FFF75A
:101EF00087FA02469DF818309DF8167042F6226067
:101F000042F68751C0F60100C0F6010100970FF0BC
:101F1000F9FB022000F0C4F940F62444C2F20004A8
:101F200020468DF818608DF8166004F04DFF0246CB
:101F3000012812D800204FF08071C4E90401204626
:101F400004F05CFF024640B9012000F0A9F906A8A0
:101F50000DF11601FFF754FA02469DF818309DF86E
:101F6000167042F6226042F68D51C0F60100C0F6AE
:101F7000010100970FF0C6FB022000F091F940F636
:101F80002444C2F20004002620468DF818608DF823
:101F9000166004F019FF0246012811D84FF00070B6
:101FA000C4E90406204604F029FF024640B9012096
:101FB00000F076F906A80DF11601FFF721FA0246A6
:101FC0009DF818309DF8167042F6226042F6935143
:101FD000C0F60100C0F6010100970FF093FB02204C
:101FE000022500F05DF940F62444C2F200042046C8
:101FF0008DF818608DF8166004F0E6FE02460128A0
:1020000013D84FF000704FF08071C4E904012046EE
:1020100004F0F4FE024640B9012000F041F906A8A0
:102020000DF11601FFF7ECF902469DF818309DF806
:10203000167042F6226042F69951C0F60100C0F6D1
:10204000010100970FF05EFB022000F029F906F075
:1020500043FC0020FFF754FA0220FFF751FA042056
:10206000CDE906050120CDE9080505200A9006A95D
:10207000484600F029F942F6D270C0F601000FF090
:10208000DFFF43F23800C0F601000FF0D9FF42F63F
:102090003B70C0F601000FF0D3FF0BB0BDE8F08F2E
:1020A0005B48334C4953313030444C20444941471C
:1020B0005D2043532069646C65206C6576656C3DDA
:1020C00025750D0A000000005B48334C4953313040
:1020D00030444C20444941475D2048572D535049D6
:1020E0002057484F5F414D5F492073776565700DFC
:1020F000000000005B48334C4953313030444C20E1
:10210000444941475D2048572D535049206D6F6425
:10211000652073776565700D000000002DE9F041C2
:1021200082B0002800F08F800446A72040F600050A
:10213000ADF806000020C4F20225ADF804002846E0
:102140002021002200F0D4F940F624400A270DF1A6
:102150000601C2F2000001AA0223009705F0FAF876
:10216000064628462021012200F0C2F9002E6AD13D
:102170009DF8050000075EBF6FF0010002B0BDE8EA
:10218000F081A920ADF80600002728462021002272
:10219000ADF8047000F0ACF940F624404FF00A08A6
:1021A0000DF10601C2F2000001AA0223CDF8008061
:1021B00005F0D0F8064628462021012200F098F9C3
:1021C000002E40D19DF8050020212070AB20ADF8F5
:1021D000060028460022ADF8047000F089F940F6A8
:1021E00024400DF10601C2F2000001AA0223CDF83D
:1021F000008005F0AFF8064628462021012200F0B5
:1022000077F906BB9DF8050020216070AD20ADF880
:1022100006000020ADF804002846002200F068F90E
:1022200040F624400A270DF10601C2F2000001AA7F
:102230000223009705F08EF8064628462021012249
:1022400000F056F926B14FF0FF3002B0BDE8F08142
:1022500094F900109DF9050000EE101A94F9011090
:1022600003EE100A02EE101AB8EEC00A9FED0B1A28
:10227000B8EEC22AB8EEC33A20EE010A22EE012AD5
:1022800023EE011AA07084ED010A84ED022A84ED88
:10229000031A002002B0BDE8F08100BF00004344F3
:1022A000B0B5044600F02AF9054640F20400C2F237
:1022B00000000078611C18BF044400BF00F01EF944
:1022C000401BA042FAD3B0BD2DE9F04F81B00D689C
:1022D000002D00F00381804647F67F70C0F22F008A
:1022E00000EA98200027009000234FF0010E4FF0E5
:1022F000030AC4F2026740460BE000BF4FF0030A36
:102300000027C4F202670D68013335FA03F200F0CA
:10231000E5800EFA03F415EA0409F4D0B84525D097
:10232000D1F804C04CF01004122C55D16FF0030208
:1023300002EA53071C2202EA830647440F223D6A41
:1023400002FA06F40A69A54302F00F02B2402A43DA
:102350003A6202685C00D1F804C00AFA04F5AA43A4
:102360000CF0030505FA04F422433FE0386842F21A
:10237000F0224D68C0F60102A04302EBC30405F051
:1023800001059D40D4F804B0054352F833006FF0C6
:10239000030202EA5B041C223D60051902EA8B0479
:1023A0002F6A0F2202FA04F60B22B74302FA04F650
:1023B00037432F6207684FEA4B060AFA06F50222F6
:1023C000AF4302FA06F637430760D1F804C0BCF108
:1023D000120F10D938E000BF02685C000AFA04F559
:1023E000AA430CF0030505FA04F422439B4602605D
:1023F000BCF1120F28D80EFA0CF212F0061F1FD0F3
:102400004FEA4B050324826804FA05FACC6822EAF5
:102410000A02AC402243826042680EFA0BF4A243E7
:102420004FEA1C1404FA0BF42243BCF1030F426080
:102430003FF464AF6FEA0A044FF0030A09E000BFFB
:10244000BCF1030F3FF45CAF4FEA4B050AFA05F20B
:10245000D443C2688E68224006FA05F422435FEA3C
:10246000CC07C2607FF54CAF42F2000423F00302B8
:10247000C4F202641827224407EAC307166E0F2528
:10248000BD40AE43009D05FA07F737431766226843
:102490004F6842EA0906FD0258BF22EA0906266093
:1024A0006268BD0242EA090658BF22EA0906666070
:1024B000D4F88420BD0342EA090658BF22EA09067F
:1024C000C4F88460D4F88020FF0342EA090658BFAC
:1024D00022EA0906C4F8806012E700BF01B0BDE837
:1024E000F08F00000069084018BF0120704700000D
:1024F0001823002A08BF2823C150704745F2E42062
:10250000C2F2000000687047B0B540F20045C4F266
:1025100003050220E860286820F001002860FFF72A
:10252000EDFF2968C90701D10020B0BD044607E0CE
:102530002868C0071CBF0320B0BD2868C007F3D0BF
:10254000FFF7DCFF001B0228F2D2F6E770B540F27D
:102550000042C4F203021368DB071BD1203252F899
:1025600020301B0416D4D1E90236D1E900EC5D42DB
:1025700005EA5E542D04E4B244EA432305EA5C15FF
:10258000096933432B43194341F4004142F82010B9
:10259000002070BD012070BD40F2040045F2E4212E
:1025A000C2F20000C2F2000100780A68104408601C
:1025B0007047000080B542F20000C4F202000168DA
:1025C00041F480710160032000F0C8F802F046FD7C
:1025D00040F62041C4F20261096842F2081201F09B
:1025E0000F01C0F60102515CC84040F21401C2F272
:1025F000000108600F2000F009F800281CBF01202E
:1026000080BD00F055F8002080BD0000B0B588B056
:1026100040F69C41C4F202610A68044642F010028E
:102620000A60096802A801F010010291029901A94B
:1026300002F078FC02F0B2FC4DF68361C4F21B316B
:10264000A0FB01014FF0FF3000EB914140F6B44098
:1026500041F20003C2F2000040F2E732C4F200038C
:102660000025C0E90031C0E90252056105F090F88B
:102670000546B0B940F6B440C2F2000005F0BCF81F
:10268000054670B90F2C0BD83120214600220025B9
:1026900000F038F840F20800C2F20000046000E0E8
:1026A0000125312000F01EF8284608B0B0BD00001A
:1026B00080B582B040F69440C4F20260016841F0F7
:1026C00004010160006800F004000190019800F02E
:1026D000BFFF6FF001000F21002202B0BDE8804073
:1026E00000F010B8002848BF704700F01F01012219
:1026F00002FA01F14EF200124009CEF2000242F855
:102700002010704710B54EF60C5CCEF2000CDCF8D1
:102710000030C3F3022E8EF00704042C28BF0424DB
:10272000BEF103034FF0FF3E38BF00230EFA04F45E
:10273000A14399400EFA03F39A4300F00F03043BC0
:102740001143634409010C3300F16042B0F1FF3FD3
:10275000C8BF02F56443197010BD00004EF60C515D
:10276000CEF200010A684FF6FF031A4060F30A2216
:1027700042F0806040F0FD700860704701220168FF
:10278000C0F8D824002280F8CC24886940F000608A
:102790008861486D40F0805040F0030200204A6597
:1027A000704700007047000070470000704700004D
:1027B00070470000704700002DE9F04F89B00568B0
:1027C0008246284609F0DAFD10B109B0BDE8F08F65
:1027D000DAF8000009F000FE0028F6D0D5F8080865
:1027E000C0F30D21DAF80000CAF8D41409F0F4FDA2
:1027F0000146DAF80000890703D5416901F00201BA
:10280000416105F50061039109F0E6FD0146DAF842
:102810000000C90604953FD5816921F0100181614E
:102820002C6AC4F3434004F00F0506281CD002288C
:102830002BD147F6F070044027D005EBC5002209E4
:102840000AEB80050498D5F8601209F0C9FDD5F8A7
:102850006002D5F8681200EB141001EB1411C5F8F2
:102860006002C5F8681210E004980AF29C41082240
:1028700009F0B6FD05EBC500C4F30A110AEB8000B0
:10288000D0F868221144C0F86812DAF800008169B3
:1028900041F010018161049D09F09EFD0003CDF817
:1028A00020A040F10B81DAF8000009F073FD002848
:1028B00000F0048106460AF29C400AF51D740027C8
:1028C0004FF4306B4FF00008079020E005EB0B0051
:1028D000022181605FEA8A6042BF05EB0B00202184
:1028E00081605FEA8A40DDF820A042BF05EB0B0063
:1028F0004FF400518160B7EB560F08F101084FEA21
:1029000056060BF1200B04F1240400F0D780F007E9
:10291000F1D0DAF800005FFA88F9494609F054FD71
:102920008246C00760D005EB0B0001218160089F43
:1029300038680BEB0001036C8A68BF79012F19D14D
:1029400017072BD4970649D412F0280F4FF0000731
:102950004AD1AC4643F20B05C4F65475AB42C0F005
:102960008F8012F4004200F08B804FF400408860AA
:10297000654639E043F20B07C4F65477FF37BB4294
:102980001CD110042CD4900644BF2020886000275E
:1029900008984946FFF70CFF26E000BF43F20B0002
:1029A000C4F6547083424FF000071DD312F4004068
:1029B0001CBF4FF40040886016E000BFB8F1000F64
:1029C00007D10899D1F8641219B9079A002109F0C2
:1029D000ADFB08984946FFF7EBFE04E0202001E03C
:1029E0004FF40040886000275FEA0A7028D505EBA5
:1029F0000B0008218160089843F20B020068C4F6BE
:102A00005472056C58448168571EBD4205D911F4B3
:102A100000411CBF4FF400418160089800F072FD36
:102A2000BD42049D4FF000070AD90898807901281B
:102A300006D10898079A0068012109F077FB00BFCA
:102A40005FEACA6042BF05EB0B00102181605FEABC
:102A50008A707FF53FAF6869000604D5039948681E
:102A600040F48060486014F81D0C01287FF42EAFFC
:102A70000898494604F81D7C00F092FB26E700BF49
:102A800022680969B8F1000F6FF3DF41A2EB010181
:102A9000654644F80C1C7FF47BAF089BD3F8642296
:102AA00032B1D3F860020844C3F8600270E700BF97
:102AB000079A012109F03AFB6AE700BFDAF8000043
:102AC00009F08AFC400340F1EB80DAF8000009F0DD
:102AD00059FC002800F0E48005F5106102910AF22B
:102AE0009C410027019114E0069E07F00F02D6F8E2
:102AF0003418012303FA02F29143C6F8341800BFD8
:102B00000021B1EB500F07F101074FEA500000F030
:102B1000C780C107F4D00590DAF80000F9B2079138
:102B200009F040FC029E0446C0070BD1200733D4B5
:102B3000E00637D460063BD4A0073FD420060598B2
:102B4000DED555E0039A07F00F00516B012303FA1D
:102B500000F021EA000006EB471150638B609AF801
:102B60000600012812D107EBC7000AEB8000D0E96C
:102B70000712114401624FB9DAF8240030B9DAF8CB
:102B80000000019A012109F0D1FA00BF07995046CF
:102B9000FFF70CFE2007CBD506EB4710082181601C
:102BA000E006C7D506EB4710102181606006C3D54B
:102BB00006EB471040218160A007BFD52846394663
:102BC00009F06CFB07EBC7000AEB800010F8171F39
:102BD000012905D1002101700799504600F0DEFA65
:102BE00006EB471002218160200605987FF588AF2B
:102BF00007EBC7010AEB810BD94659F8242FC846C9
:102C000058F8046FB242FFF47BAFDAF800505BF87B
:102C10001C3F05EB471C0695DCF81859911B99429F
:102C200088BF1946ADB20331B5EB910F28BFB24250
:102C300004D8049DB2423FF663AF55E70BF1040A96
:102C4000DAF800100CF510650898941B9C42867900
:102C500088BF1C46DDE90602A3B2009609F0E6FC37
:102C6000DAF80000E31C0119D8F80000CAF80010D7
:102C70000619C8F80060AA6992B2B2EB930FD9F8AE
:102C8000002028BFB24203D9DBF80030DCE700BFE8
:102C9000DDF820A0DDE90450B2423FF631AF23E772
:102CA000DAF8000009F098FB002815D4DAF80000E3
:102CB000039C09F091FB00052DD4DAF8000009F01F
:102CC0008BFB000137D4DAF8000009F085FBC00463
:102CD00043D4DAF8000058E1039C606820F001005A
:102CE00060609AF8CC04012808D100208AF8CC044E
:102CF00050460021FFF756FD03E000BF504600F0AC
:102D0000FDFBDAF80000416901F00041416109F082
:102D100063FB0005D1D5A068C0071CBF504600F07A
:102D2000F3FBDAF80000416901F40061416109F048
:102D300053FB0001C7D5DAF80000416901F00061DA
:102D400041619AF8CC1409B3504600F0DDFBDAF883
:102D5000000009F041FBC004BBD56068102120F0E1
:102D600001006060DAF8000009F098FA9AF80400AF
:102D7000002800F0DC80012898BF0120411E0329B3
:102D800000F0030C16D2002180E000BF01218AF878
:102D9000CC14406D0121C0F38300CAF8D004504622
:102DA000FFF700FDDAF8000009F016FBC00490D52B
:102DB000D3E700BF00F0FC0E05F536634FF6A056D2
:102DC0004FF6C0554FF6E0544FF6006000214FF625
:102DD0007F37CFF6FF76CFF6FF75CFF6FF74CFF6CD
:102DE000FF7000BFA3F5187297609A59043122F45E
:102DF00000129A5143F8587C53F8602C8E4522F407
:102E0000001243F8602C53F8602C42F0006243F843
:102E1000602CA3F5107297605A5922F400125A518F
:102E200043F8387C53F8402C22F4001243F8402C2D
:102E300053F8402C42F0006243F8402CA3F508728E
:102E400097601A5922F400121A5143F8187C53F86B
:102E5000202C22F4001243F8202C53F8202C42F0AE
:102E6000006243F8202CA3F5007297601A5822F4F0
:102E700000121A509F601A6822F400121A601A6831
:102E800042F000621A6003F18003ABD1DDE9034533
:102E9000BCF1000F4BD005F5106000EB41124FF66E
:102EA0007F334F019360C65905F5306202EB41153F
:102EB00026F40016C651AB60D659BCF1010F26F4BA
:102EC0000016D651D65946F00066D651039C2ED036
:102ED0004F1C00EB47167D01B360465902EB4717C4
:102EE00026F400164651039CBB605359BCF1020FF7
:102EF00023F400135351535943F00063535116D038
:102F0000023100EB41174FF67F364B01BE60C758C8
:102F100002EB411127F40017C7508E60039CD05874
:102F200020F40010D050D05840F00060D050E0693C
:102F300040F00110E0619AF80F0048B1D4F8840025
:102F400040F00B00C4F8840004F1440007E000BF27
:102F5000606942F22B010843606104F110000168CE
:102F60000AF29C4241F00B010160206820F4FE60EF
:102F70002060DAF800009AF8061009F0D7F8DAF8BD
:102F80000000416901F48051416109F025FA0146D0
:102F9000DAF8000089041AD508F08EFEDAF800008D
:102FA00009F0DEF9DAF800408AF8070001F0E0FFE6
:102FB0009AF807200146204609F0A8FA504600F08A
:102FC0009BFADAF80000416901F40051416109F00F
:102FD00003FA000706D4DAF8000009F0FDF900064C
:102FE0000DD435E0504600F08BFADAF80000416964
:102FF00001F00801416109F0EFF9000628D50499B4
:10300000886920F0800088619AF8040002281FD3A4
:103010000AF27B24012504E00135854204F12404F1
:1030200016D221780129F7D105F00F0000EBC0007E
:103030000AEB80022806DAF8000002F1140158BFFA
:1030400002F5157109F0A0F89AF80400E4E700BF52
:10305000DAF8000009F0C0F9C0024DD4DAF8000037
:1030600009F0BAF980027CD59AF80400022829D325
:1030700004990AF51F7201F532610123012705E069
:1030800001372031874202F124021BD20E68B6F1CB
:10309000FF3FF5DC1578012DF2D1DAF8D45485EA3A
:1030A0001646F607ECD1049D02F8013CAE6946F0E5
:1030B0008006AE616E693606E2D40399486840F432
:1030C00000704860DAF80000416901F400114161C4
:1030D00009F082F940004AD55046FFF765FBDAF85F
:1030E0000000416901F08041416109F075F9400734
:1030F00044D4FFF76ABB00BF9AF80400022825D326
:1031000004990AF13C0501F512640126012705E046
:1031100001372034874205F1240517D22168B1F127
:10312000FF3FF5DC29780129F2D107F00F0000EB11
:10313000C00005F8016C0AEB8001DAF800001431D8
:1031400009F022F89AF80400E2E700BFDAF800007C
:10315000416901F48011416109F03EF980023FF5B7
:1031600083AFDAF8000009F037F94000B4D4DAF898
:10317000000009F031F940077FF527ABDAF80000CD
:103180004468610704D55046FFF714FBDAF80000E5
:1031900041682143416009B0BDE8F08F70470000ED
:1031A00070470000F0B581B0002800F02781044688
:1031B000056890F8950428B9002084F89404204606
:1031C00000F032F900210320C4F204218D4284F87A
:1031D000950404BF0020A071206808F09FFF94E8C8
:1031E0000F00267C009608F077FD002840F0038150
:1031F0002068002109F054F9002840F0FC80217972
:10320000002900F0F180A1F1010C01F0030EBCF1E6
:10321000030F4FF0000345D301F0FC0204F19A00C4
:10322000012600256F1C00F8627C20F8487CAF1C4A
:1032300000F8865C20F86C5C00F83E7C20F8247C6A
:10324000EF1C043500F8856C00F8823C40F87E3CA9
:1032500040F87A3C40F8763C00F8616C00F85E3C3F
:1032600040F85A3C40F8563C40F8523C00F83D6C5F
:1032700000F83A3C40F8363C40F8323C40F82E3CEE
:1032800000F8196C00F81A7C078000F8163C40F82A
:10329000123C40F80E3C40F80A3CAA4200F1900073
:1032A000C0D12B46BEF1000F2CD003EBC30001228E
:1032B00004EB80050020BEF1010F6A752B75EB85CC
:1032C0002876C5E9070068621CD05D1C05EBC506C1
:1032D000BEF1020F04EB860672753575F585307602
:1032E000C6E9070070620DD0981C00EBC0020123F4
:1032F00004EB82021075D085002053751076C2E968
:1033000007005062BCF1030F4FF0000234D301F00C
:10331000FC0004F5347100235F1C01F8587C9F1CED
:1033200001F87C3C01F8347CDF1C043301F87B2C71
:1033300001F8782C41E91D2241F86C2C01F8572C3A
:1033400001F8542C41E9142241F8482C01F8332C9F
:1033500001F8302C41E90B2241F8242C01F80F2C04
:1033600001F8107C01F80C2C41E902220A60984215
:1033700001F19001D0D11A46BEF1000F34D002EB1A
:10338000C200BEF1010F04EB80014FF0000081F894
:10339000550281F8542281F85802C1E99700C1F81A
:1033A000640221D0511C01EBC103BEF1020F04EBFA
:1033B000830383F8550283F8541283F85802C3E953
:1033C0009700C3F864020FD0901C00EBC0010022EC
:1033D00004EB810181F8552281F8540281F85822CA
:1033E000C1E99722C1F8642294E80F00277C009776
:1033F00008F004FD30B1022084F89504012001B0EA
:10340000F0BD00BF00206074012084F89504207B8B
:10341000012804BF2046FFF7B1F9206808F0DEFC60
:10342000002001B0F0BD000070B5BAB0054602A89A
:10343000002600240830C0213996CDE93766CDE951
:103440003566C4F20224FCF75FFF286804F50031FA
:10345000884201D03AB070BD4FF48010029002A8AB
:1034600003962A9601F0B2F8002818BFFDF7EAF992
:1034700040F68C45C4F20265286835A940F0010089
:103480002860286800F00100019001984FF4C050B6
:103490003590022036900020CDE937000A2039907F
:1034A0002046FEF711FF286840F480402860286815
:1034B00000F4804001900198A868400710D4A868E3
:1034C00040F00400A860A86800F004000190019892
:1034D00000F0BEF8A86820F00400A86002E000BF79
:1034E00000F0B6F8492007210022FFF70BF9492028
:1034F000FFF7F8F83AB070BD704700007047000061
:1035000070470000704700007047000080B540F62B
:103510000C0CC4F2026CDCF8301001F44031814232
:103520000CD1B0F1011FC0F07F80DCF8000040F446
:103530008020CCF80000002080BD00BFDCF8001027
:10354000B0F5803F21F4E02141EA000140F214008F
:1035500088BF41F48021CCF80010C2F2000000685E
:1035600041F25971CDF2B711A0FB01014FEA913E32
:10357000734600BFDCF80010B3F1FF3218BF012220
:10358000581C22D011F400401FD1DCF80010002B91
:103590001A4618BF012218D011F4004015D1DCF8EA
:1035A00000105A1E18BF0122012B0ED011F400404A
:1035B0000BD1DCF800109A1E18BF0122022B04D098
:1035C00011F40040A3F10403D4D0A2B3DCF830100E
:1035D0001EF1010224D011F4004021D1DCF830109A
:1035E000BEF1000F1DD011F400401AD1DCF83010EC
:1035F000BEF1010F1AD011F4004017D1DCF83010E1
:10360000BEF1020FAEF1040203D011F40040964661
:10361000DCD002F1020EBEF1000F05D10BE000BFBD
:103620009646BEF1000F06D0002080BDAEF1010E1F
:10363000BEF1000FF8D1032080BD000040F62C0041
:10364000C4F20260016841F00101016070470000AE
:1036500040F61000C4F20260016841F08051016040
:103660007047000040F63C00C4F20260006800F4BD
:1036700040307047B0B540F6284EC4F2026EDEF816
:103680000C50DEF80030DEF80010DEF80020DEF826
:103690001040C2F30012C4F3CC04C1F3032104FBB5
:1036A00002F203F0030300EE102A6FF35F25B8EE79
:1036B000400A012B01F1010C66D0032B18BF022B2D
:1036C00062D101EE10CADEF80C10B8EE411A9FED7F
:1036D0004D2A6FF35F2182EE011A02EE101A9FED60
:1036E0004A3AB8EE422A20EE030A30EE020AB7EE5A
:1036F000002A30EE022ADEF8001021EE020AC90389
:1037000071D5DEF80C10B7EE002AC1F3462101EEA8
:10371000101AB8EE411A31EE021A80EE011ABCEE10
:10372000C11A11EE102A0260DEF80010890360D57C
:10373000DEF80C10B7EE002AC1F3064101EE101AB4
:10374000B8EE411A31EE021A80EE011ABCEEC11A2F
:1037500011EE102A4260DEF8001049034FD5DEF862
:103760000C10B7EE002AC1F3066101EE101AB8EE94
:10377000411A31EE021A80EE010ABCEEC00A10EEC8
:10378000101A8160B0BD00BF5EF8201C090203D48E
:10379000DEF8CC100B0401E05EF8203C42F27032FF
:1037A000190FC0F6010202EB810102EE10CA91ED81
:1037B000001AB8EE422AB8EE411A9FED133A81EE94
:1037C000022A01EE105A20EE030AB8EE411A30EE3A
:1037D000010AB7EE001A30EE011ADEF8001021EEF1
:1037E000020AC9038DD400220260DEF800108903AA
:1037F0009ED400224260DEF800104903AFD40021BD
:103800008160B0BD0024744B00000039B0B540F6B3
:103810002C4EC4F2026EDEF81050DEF80030DEF8F6
:103820000010DEF80020DEF81440C2F30012C4F3EA
:10383000CC04C1F3032104FB02F203F0030300EE06
:10384000102A6FF35F25B8EE400A012B01F1010C3D
:1038500066D0032B18BF022B62D101EE10CADEF82E
:103860001010B8EE411A9FED4D2A6FF35F2182EEE2
:10387000011A02EE101A9FED4A3AB8EE422A20EEE3
:10388000030A30EE020AB7EE002A30EE022ADEF812
:10389000001021EE020AC90371D5DEF81010B7EE50
:1038A000002AC1F3462101EE101AB8EE411A31EE9A
:1038B000021A80EE011ABCEEC11A11EE102A026043
:1038C000DEF80010890360D5DEF81010B7EE002A8C
:1038D000C1F3064101EE101AB8EE411A31EE021A98
:1038E00080EE011ABCEEC11A11EE102A4260DEF819
:1038F000001049034FD5DEF81010B7EE002AC1F3CF
:10390000066101EE101AB8EE411A31EE021A80EE8D
:10391000010ABCEEC00A10EE101A8160B0BD00BFF3
:103920005EF8241C090203D4DEF8C8100B0401E081
:103930005EF8243C42F27032190FC0F6010202EB2D
:10394000810102EE10CA91ED001AB8EE422AB8EEDB
:10395000411A9FED133A81EE022A01EE105A20EE31
:10396000030AB8EE411A30EE010AB7EE001A30EE43
:10397000011ADEF8001021EE020AC9038DD40022DC
:103980000260DEF8001089039ED400224260DEF857
:1039900000104903AFD400218160B0BD0024744BF6
:1039A00000000039B0B540F6304EC4F2026EDEF8C9
:1039B0001450DEF80030DEF80010DEF80020DEF8EB
:1039C0001840C2F30012C4F3CC04C1F3032104FB7A
:1039D00002F203F0030300EE102A6FF35F25B8EE46
:1039E000400A012B01F1010C66D0032B18BF022BFA
:1039F00062D101EE10CADEF81410B8EE411A9FED44
:103A00004D2A6FF35F2182EE011A02EE101A9FED2C
:103A10004A3AB8EE422A20EE030A30EE020AB7EE26
:103A2000002A30EE022ADEF8001021EE020AC90355
:103A300071D5DEF81410B7EE002AC1F3462101EE6D
:103A4000101AB8EE411A31EE021A80EE011ABCEEDD
:103A5000C11A11EE102A0260DEF80010890360D549
:103A6000DEF81410B7EE002AC1F3064101EE101A79
:103A7000B8EE411A31EE021A80EE011ABCEEC11AFC
:103A800011EE102A4260DEF8001049034FD5DEF82F
:103A90001410B7EE002AC1F3066101EE101AB8EE59
:103AA000411A31EE021A80EE010ABCEEC00A10EE95
:103AB000101A8160B0BD00BF5EF8281C090203D453
:103AC000DEF8C4100B0401E05EF8283C42F27032CC
:103AD000190FC0F6010202EB810102EE10CA91ED4E
:103AE000001AB8EE422AB8EE411A9FED133A81EE61
:103AF000022A01EE105A20EE030AB8EE411A30EE07
:103B0000010AB7EE001A30EE011ADEF8001021EEBD
:103B1000020AC9038DD400220260DEF80010890376
:103B20009ED400224260DEF800104903AFD4002189
:103B30008160B0BD0024744B0000003980B584B0B2
:103B4000024643F6FF7300209B1A70EB01034FDA25
:103B50004FF6FF73C0F21F039B1A70EB010380F254
:103B6000B5806FF07E439B1A4FF0000C7CEB010395
:103B7000C0F222814FF6FF73C0F27F039B1A7CEBE9
:103B80000103C0F2A98182F400130B4300F0EC8220
:103B900082F48002114340F0B48440F60041C4F244
:103BA0000261D1F8E00000F44040B0F5804F00F031
:103BB000B383002800F08C830A68B0F5004F03D16E
:103BC00012F4806240F061840A68B0F5404F4FF013
:103BD000000040F0968412F0200200F09284886881
:103BE000000200F1DD84D1F8F400000400F0E3BC31
:103BF000D2F17F0370EB0103C0F2AE80013A61F1B4
:103C00000001D2F13F034FF0000373EB0101C0F05C
:103C10007884DFE812F04100E5017604FF017604C4
:103C20007604760419027604760476047604760423
:103C300076047604330276047604760476047604F9
:103C400076047604760476047604760476047604A4
:103C5000760476044F0276047604760476047604BD
:103C60007604760476047604760476047604760484
:103C70007604760476047604760476047604760474
:103C80007604760476047604760476047604760464
:103C9000760476047F0200BF40F60040C4F2026062
:103CA000D0F8E01001F00301012900F0358300296C
:103CB00000F02E830268022903D112F4806240F0E2
:103CC000E483D0F8F000032900F036BC4FF6FF7310
:103CD000C0F201039B1A4FF0000C7CEB010380F251
:103CE00099804FF6FF73C0F207039B1A7CEB010328
:103CF000C0F2168182F400330B4300F0538282F449
:103D00008022114340F0FD8340F60040C4F202607F
:103D1000D0F8F010D0F8F02001F44071B1F5807FB8
:103D200003D112F0020240F05781D0F8F020B1F533
:103D3000007F03D112F0006240F06282006810F44C
:103D400000301CBF4AF22010C0F20700B1F5407FDE
:103D500018BF002004B080BD40F2FF339B1A4FF023
:103D6000000C7CEB010380F2878040F6FF739B1A06
:103D70007CEB0103C0F2F88082F480630B4300F017
:103D80002B8282F40062114340F0BB8340F6004076
:103D9000C4F20260D0F8E81011F4407100F03483EE
:103DA000D0F8F020B1F5807F40F0778112F000620A
:103DB00040F0268271E100BF6FF078439B1A7CEBE4
:103DC0000103C0F2EF8082F000730B4300F0228207
:103DD00082F08062114340F0948340F60040C4F2C8
:103DE0000260D0F8E410C1F30151DFE811F0950250
:103DF0000500DD02E50200BF0168890640F1A783E6
:103E00008168090200F1B683D0F8F400000400F0E4
:103E1000D2BB00BF82F480430B4300F0138282F4D4
:103E200000430B4300F02E8282F48032114340F0B5
:103E3000688340F60041C4F20261D1F8E40000F06A
:103E40000702042A00F283834BF68030DFE812F089
:103E50002E021402BE015903060000BF0868800646
:103E600040F175838868000200F19C83D1F8F4006A
:103E7000000400F0A0BB00BF82F080030B4300F001
:103E8000198282F480730B4300F0268282F4007260
:103E9000114340F0368340F60040C4F20260D0F88F
:103EA000E81011F4406100F0BB82D0F8F020B1F5C9
:103EB000806F03D112F0006240F0A2810268B1F578
:103EC000006F03D112F4806240F0DF82D0F8F0007E
:103ED000B1F5406F30E300BF82F400030B4300F004
:103EE0000B8282F08072114340F00B8340F6004059
:103EF000C4F20260D0F8E010C1F30141DFE811F034
:103F0000E8010C025A0204000168890640F11F838F
:103F10008168090200F13083D0F8F40000044AE31C
:103F200082F400230B4300F0FB8182F480121143E2
:103F300040F0E78240F60040C4F20260D0F8E010A2
:103F4000C1F38161DFE811F024013802300204007E
:103F50000168890640F1FB82816809025ABFD0F8E6
:103F6000F4000004806826E382F480530B4300F0E1
:103F7000EB8182F40052114340F0C38240F60041CD
:103F8000C4F20261D1F8E400C0F34212042A00F244
:103F9000DE824BF68030DFE812F0310269016F01FA
:103FA000B4024F0282F000630B4300F0E98182F01B
:103FB0008052114340F0A58240F60041C4F20261F4
:103FC000D1F8E800D1F8F02010F4004040F0FA8178
:103FD00012F0020200F0F6814FF4004004B080BD00
:103FE00040F60040C4F20260D0F8E01001F00C018D
:103FF000042900F09181002900F06A8102680829F3
:1040000003D112F4806240F04082D0F8F0000C2915
:1040100092E200BF40F60040C4F20260D0F8E01027
:1040200001F03001102900F07781002900F0508163
:104030000268202903D112F4806240F02682D0F871
:10404000F000302978E200BF40F60040C4F2026080
:10405000D0F8E01001F0C001402900F05D81002996
:1040600000F036810268802903D112F4806240F0AA
:104070000C82D0F8F000C0295EE200BF40F600409C
:10408000C4F20260D0F8E01001F44071B1F5807F15
:1040900000F04281002900F01B810268B1F5007F29
:1040A00003D112F4806240F0F081D0F8F000B1F555
:1040B000407F41E240F60041C4F20261D1F8E800DD
:1040C00000F00700012800F02781002800F010818F
:1040D0000A68022803D112F4806240F0D681D1F838
:1040E000F020032803D112F002027FF475AF0A68B2
:1040F00004284FF0000040F0048212F0200200F08B
:1041000000828868000200F15582D1F8F4000004B2
:1041100051E200BF40F60041C4F20261D1F8E00074
:1041200000F44060B0F5806F00F0F680002800F0E9
:10413000CF800A68B0F5006F03D112F4806240F0BE
:10414000A4810A68B0F5406F4FF0000040F0D981BB
:1041500012F0200200F0D5818868000200F11E8272
:10416000D1F8F400000426E240F60040C4F20260F8
:10417000D0F8E410490400F17F80D0F8E010C1F3DA
:104180008161DFE811F0050019011101E10100BFB3
:10419000006846F600418004C0F2DC2101EAE070CC
:1041A00004B080BD40F60041C4F20261D1F8E800DD
:1041B000C0F30242042A00F2CA814BF68030DFE8E5
:1041C00012F075005B000500A001AD0101A8FFF72A
:1041D000E9FB029804B080BD40F60040C4F20260E2
:1041E000D0F8E01011F4402100F07280D0F8F020F7
:1041F000B1F5802F40F0428112F0006200F03E8164
:10420000D0F8F000C0004FF0FA0058BF4FF4FA4069
:1042100004B080BD40F60040C4F20260D0F8E8105F
:10422000C1F3C101DFE801F06478C60201688906C4
:1042300040F18D818168090200F1A081D0F8F4007D
:104240000004B8E140F60041C4F20261D1F8E40094
:10425000C0F30222042A00F27A814BF68030DFE8B4
:1042600012F0CD0005000B005001EB0001A8FFF794
:1042700099FB019804B080BD01A8FFF7FBF90198F4
:1042800004B080BD40F60041C4F20261D1F8E800FC
:10429000C0F30232052A00F22781DFE812F007009E
:1042A0003D001F0125012501350100BF00F060FE22
:1042B00004B080BD40F60041C4F20261D1F8E000D4
:1042C00000F44050B0F5805F26D0002840F0BE805A
:1042D00000F064FE04B080BD40F60040C4F202600D
:1042E000D0F8E810C1F38111DFE801F0021664D6BE
:1042F00000F094FE04B080BD40F60040C4F20260BD
:10430000D0F8E010C1F30151DFE801F0020654D00B
:1043100000F064FE04B080BD00F0A0FE04B080BDDB
:1043200040F60040C4F20260D0F8E410026811F4D4
:10433000405155D112F4005252D046F60040C0F21E
:10434000DC2004B080BD00BF40F60040C4F2026033
:10435000D0F8E410026811F4006103D112F4806215
:1043600040F09380006810F480601CBF41F2002090
:10437000C0F27A00002908BF084604B080BD00BF23
:1043800040F60041C4F20261D1F8E000096810F083
:10439000407002D111F4003177D1B0F1007F2DD0FF
:1043A000B0F1807F40F0D38001A8FFF763F9029855
:1043B00004B080BD006840E001A8FFF727FA02982A
:1043C00004B080BDD1F8F02000284FF0000018BFE5
:1043D00012F0006200F09580D1F8F00012E700BF03
:1043E0000268B1F5805F6BD112F4005268D043F2DD
:1043F0000060C0F26E1004B080BD00BF01A8FFF7DE
:1044000005FA019804B080BD0168890640F19F80DB
:104410008168090200F1AA80D0F8F4000004CAE023
:104420000168890640F193808168090200F1A0804B
:10443000D0F8F4000004BEE0086842F200414005F4
:10444000C0F2F40101EAE07004B080BD0A68B0F582
:10445000005F02D112F4806217D10A68B0F5405FA4
:104460004FF000004DD112F020024AD088680002BF
:1044700000F19A80D1F8F40000049CE00268B1F5E4
:10448000002F55D112F4806252D042F20040C0F2A7
:10449000F40004B080BD00BF0168890657D581686B
:1044A00009026DD4D0F8F400000484E001688906A4
:1044B0004DD58168090265D4D0F8F40000047AE093
:1044C000006810F480601CBF42F20040C0F2F400AB
:1044D000B1F5005F18BF002013E000BF01A8FFF78F
:1044E00095F9039804B080BD00F4E0420B6842F2F5
:1044F0000040B2F5405FC0F2F4002BD113F400335A
:1045000028D004B080BD00BF086880061FD5886829
:10451000000241D4D1F8F40000044CE008688006A1
:1045200015D58868000241D4D1F8F400000442E0B7
:10453000D0F8F000B1F5402F00F002024FF000007B
:1045400008BF900304B080BD016889061CD4002018
:1045500004B080BD096811F4806118BF0146B2F54E
:10456000804F18BF0021084604B080BD806822E05B
:10457000806820E080681EE080681CE080681AE0A7
:10458000806818E0806816E08168090210D4D0F8CD
:10459000F40000040FE000BF88680CE088680AE0BF
:1045A000886808E0886806E0886804E0886802E0B7
:1045B000806800E08868C0F3036042F27031C0F6A2
:1045C000010151F8200004B080BD00002DE9F04F3A
:1045D00081B00446006840F6E04BC107C4F2026BAC
:1045E00020D1810728D4410730D4010738D4C1062F
:1045F00040D4810648D4410650D4010658D4C105A0
:1046000060D4410268D4810570D4410579D4010594
:1046100000F1828040F628488004C4F2026800F16C
:104620008A80B4E0DBF80010226D21F00301114311
:10463000CBF800108107D6D5DBF80010626D21F0B1
:104640000C011143CBF800104107CED5DBF8001068
:10465000A26D21F030011143CBF800100107C6D53F
:10466000DBF80010E26D21F0C0011143CBF800101F
:10467000C106BED5DBF80010226E21F44071114353
:10468000CBF800108106B6D5DBF80810626E21F079
:1046900007011143CBF808104106AED5DBF8001036
:1046A000A26E21F440611143CBF800100106A6D59B
:1046B000DBF80010E26E21F440511143CBF80010FA
:1046C000C1059ED5DBF80810226F21F0C00111430F
:1046D000CBF80810410296D5DBF80010626F21F488
:1046E00040411143CBF8001081058ED5DBF808104E
:1046F000A26F21F440611143CBF8081041057FF50A
:1047000086AFDBF80010E26F21F440211143CBF8B3
:10471000001001057FF57EAFDBF80810D4F880208B
:1047200021F440711143CBF8081040F6284880046A
:10473000C4F202682BD5D4F890004FEA7011042916
:104740000CD8DFE801F0030D171D1D0004F108006F
:1047500005F012FD0646D8B908E000BF012617E0B3
:1047600004F12C0005F084FD064688B9D4F89000C9
:1047700006E000BFD8F8001041F48031C8F80010FE
:10478000DBF8041021F0E0010843CBF80400002618
:104790006078400602D4374638E000BFD4F8940071
:1047A0004FEA302004280BD83746DFE800F0030F2B
:1047B0001B14140004F1080005F0DEFC0AE000BF41
:1047C000012701256078000624D449E004F12C007B
:1047D00005F04EFD07463D4677B16078000619D4D6
:1047E0003EE000BFD8F80000374640F48030C8F8FB
:1047F0000000002F3D46F0D1DBF80400D4F89410FF
:1048000020F4E06008430027CBF8040035466078C8
:10481000000625D5D4F8A8004FEA3030052807D87F
:1048200002280BD03E468FB1A078C0071CD139E0DA
:1048300001270126A078C00716D133E004F1080053
:1048400005F09AFC0746002F3E46EDD1DBF8080044
:10485000D4F8A81020F4E04008430027CBF8080063
:104860002E46A078C0071DD0D4F88800042800F296
:10487000A981DFE810F00B000500AB010B000B0075
:10488000D8F8000040F48030C8F800003D4657B921
:10489000DBF80400D4F8881020F007000843002754
:1048A000CBF804003546A07880071FD5D4F88C00DB
:1048B0004FEA3040042800F29381DFE810F00B004B
:1048C000050095010B000B00D8F8000040F4803083
:1048D000C8F80000B94657B9DBF80800D4F88C10C6
:1048E00020F4E02008430027CBF80800A946A07870
:1048F000400701D44D465DE05BF84C0C10F0040A13
:104900000BD15BF84C0C40F004004BF84C0C5BF8FE
:104910004C0C00F00400009000984FF60045CFF6D4
:10492000FF7558F8050040F0010048F80500FDF754
:10493000E5FD064658F80500C00707D1FDF7DEFD86
:10494000801B0228F6D9032703252AE03D4647BBF2
:10495000DBF8100010F4407018D0D4F8C010884272
:1049600011D0DBF81000DBF8101020F4407041F497
:104970008031CBF81010DBF8101021F48031CBF827
:104980001010CBF81000C00740F03881DBF81000A1
:10499000D4F8C01020F44070084300274D46CBF8EF
:1049A0001000BAF1000F05D15BF84C0C20F00400A8
:1049B0004BF84C0CA078C0061BD5D4F8A0004FEAE9
:1049C000B060032800F2E880DFE800F00702EA07A1
:1049D00004F1080005F0D0FB0746394657B9DBF86B
:1049E0000000D4F8A01020F0406008430027CBF866
:1049F000000029462068020320D5D4F8982032B15F
:104A0000B2F5005F18BFB2F5805F40F0D5803E463A
:104A100067B1C10415D481021ED4010230D4C10192
:104A200039D4810142D440014BD471E0DBF8043029
:104A3000002723F440531A43CBF804200E46C10448
:104A4000E9D5DBF80410D4F89C2021F4006111436F
:104A5000CBF804108102E0D5D4F8A410B1F5804F52
:104A600005D1D8F8002042F48032C8F80020DBF8E5
:104A7000042022F480421143CBF804100102CED569
:104A8000DBF80010D4F8B42021F440111143CBF826
:104A90000010C101C5D5DBF80010D4F8B82021F40E
:104AA00040311143CBF800108101BCD5DBF8081070
:104AB000D4F8BC2021F018011143CBF808104001B4
:104AC00026D5D4F8B000B0F5401F0FD0B0F5001FC8
:104AD00005D1D8F8000040F40030C8F800003D4689
:104AE00067B1E078000717D43EE000BF04F108008A
:104AF00005F042FB0746002F3D46F2D1DBF80400EB
:104B0000D4F8B01020F4401008430027CBF804007C
:104B10003546E078000727D5D4F8840058B1B0F1C5
:104B2000007F11D0B0F1807F30D1D8F8000040F480
:104B30000030C8F8000077B1E078C00618D43846D5
:104B400001B0BDE8F08F00BF04F1080005F014FBD0
:104B50000746002FF0D1DBF80000D4F8841020F0D5
:104B600040700843CBF800002F46E078C006E6D539
:104B7000DBF80800D4F8AC1020F400400843CBF870
:104B80000800384601B0BDE8F08F00BF0127E0788B
:104B9000C006D4D5ECE700BF012701212AE700BFFA
:104BA000D8F8000040F40030C8F80000002F394663
:104BB0007FF420AF13E700BF01270126C1047FF572
:104BC0002AAF3EE7012701256DE600BF04F12C0066
:104BD00005F04EFB0746002F3D467FF464AE57E6D6
:104BE00001274FF0010982E604F12C0005F040FB9B
:104BF0000746002FB9467FF47AAE6DE6FDF77EFCDE
:104C000006460327032500BFDBF8100080073FF5A9
:104C1000BDAEFDF773FC801B41F288318842F3D9A9
:104C2000BFE600002DE9F04F81B0002800F01C81A4
:104C300042F20008C4F202080446D8F800000D460B
:104C400000F00F0088420DD2D8F8000020F00F00CD
:104C50002843C8F80000D8F8000000F00F00A84270
:104C600040F00281206840F62049C106C4F2026982
:104C70000DD56169D9F8042002F07002914206D97D
:104C8000D9F8042022F070021143C9F8041001077A
:104C90000FD52169D9F80020702303EA121291423E
:104CA00007D9D9F8002022F4E06242EA0111C9F8DC
:104CB000001041070DD5E168D9F8002002F070021C
:104CC000914206D9D9F8002022F070021143C9F8A8
:104CD000001081070DD5A168D9F8002002F00F025D
:104CE000914206D9D9F8002022F00F021143C9F8E9
:104CF0000010C00774D1206881070DD5A168D9F8CC
:104D0000002002F00F02914206D2D9F8002022F0D2
:104D10000F021143C9F80010D8F8001001F00F017C
:104D2000A9420DD9D8F8001021F00F012943C8F885
:104D30000010D8F8001001F00F01A94240F0948053
:104D400041070DD5E168D9F8002002F070029142C8
:104D500006D2D9F8002022F070021143C9F80010E1
:104D600001070FD52169D9F80020702303EA121238
:104D7000914207D2D9F8002022F4E06242EA011100
:104D8000C9F80010C0060DD56069D9F8041001F00B
:104D90007001884206D2D9F8041021F0700108434E
:104DA000C9F8040000F05AF9D9F8001042F20812CC
:104DB00001F00F01C0F60102525C40F20801C2F29C
:104DC0000001096840F2140320FA02F2C2F2000363
:104DD00008461A6001B0BDE8F04FFDF717BC00BFF0
:104DE000606840F61C47C4F2026768B3022831D0FD
:104DF000032835D1D9F8740010F0040A0BD1D9F882
:104E0000740040F00400C9F87400D9F8740000F090
:104E1000040000900098FDF771FB4FF6F03BCFF6D1
:104E2000FF7B57F80B10490322D4BAF1000F05D1CC
:104E3000D9F8740020F00400C9F8740057F81C0C6D
:104E4000800111D5606822E057F81C0C40070BD593
:104E500000201CE057F81C0C800317D4012042E00E
:104E600057F81C1C490512D4012001B0BDE8F08F91
:104E7000064600BF57F80B004004D6D4FDF73EFBB2
:104E8000801B02284FF00300F4D92CE0022039687F
:104E900021F0030108433860FDF730FB61680646E6
:104EA000032941F2883A28D0022934D071B900BFD1
:104EB000386810F00C0F3FF41EAFFDF71FFB801B8E
:104EC00050454FF00300F3D90DE000BF386800F003
:104ED0000C0004283FF40FAFFDF710FB801B50457A
:104EE0004FF00300F2D901B0BDE8F08FFDF706FBEB
:104EF000801B50454FF00300F5D8386800F00C00D7
:104F00000C28F3D1F7E600BFFDF7F8FA801B5045F7
:104F10004FF00300E7D8386800F00C000828F3D100
:104F2000E9E600001F22026040F62042C4F202625D
:104F300052F8043C03F003034360136803F00F03CB
:104F40008360136803F07003C360D2F800C070235D
:104F500003EA1C130361526802F07002426142F2DC
:104F60000000C4F20200006800F00F000860704703
:104F700080B500F073F840F62041C4F20261096880
:104F800042F2081201F00F01C0F60102515CC84064
:104F900040F21401C2F20001086080BD80B500F04B
:104FA0005DF840F62041C4F202610A6842F208133B
:104FB00002F00F02C0F601039A5CD04040F21402E6
:104FC000C2F200021060096842F21812C1F3021125
:104FD000C0F60102515CC84080BD000080B500F001
:104FE0003DF840F62041C4F202610A6842F208131B
:104FF00002F00F02C0F601039A5CD04040F21402A6
:10500000C2F200021060096842F21812C1F30221D4
:10501000C0F60102515CC84080BD000080B500F0C0
:105020001DF840F62041C4F202610A6842F20813FA
:1050300002F00F02C0F601039A5CD04040F2140265
:10504000C2F200021060496842F21812C1F3021164
:10505000C0F60102515CC84080BD000080B540F63A
:105060002841C4F2026151F80C0C10F00C020868DF
:1050700016D00C2A04BF00F00300012810D051F80C
:105080000C0C9FED370A00F00C00042842F200409F
:10509000C0F2F4001ED0082A18BF00201AE000BF9A
:1050A00051F8200C000205D4D1F8CC00C0F3033035
:1050B00003E000BF51F8200C000F42F27033C0F63D
:1050C000010353F82000002A00EE100A18BF002048
:1050D000B8EE400A0C2A18BF80BDD1F800C00A689B
:1050E0009FED201AC2F303220B6802F1010E08693A
:1050F0005FEA8C7258BFB0EE401A00EE10EAC3F3BC
:105100000013B8EE400AC0F3CC0081EE000A00FBA9
:1051100003F09FED153A01EE100AC868B8EE411A87
:105120006FF35F2002EE100A21EE031AB8EE422A56
:10513000C86831EE021AB7EE002AC0F3066031EEFD
:10514000021A013020EE010A01EE100AB8EE411AEF
:1051500080EE010ABCEEC00A10EE100A80BD00BF4E
:10516000000000000024744B000000392DE9F043DA
:1051700081B0002800F0468440F694490446C4F209
:10518000026959F8780C59F86C1C227800F00C0769
:10519000D00601F0030823D42078C0077AD0082F66
:1051A00074D00C2F08BFB8F1030F6FD0606840F6C1
:1051B0000046B0F5803FC4F2026600F0EB82B0F525
:1051C000A81F00F0DF82B0F5A02F40F0F782306812
:1051D00040F480203060306820F48010D9E200BFB5
:1051E00017B30C2F08BFB8F1010F1DD040F60046D1
:1051F000C4F20266E1693068002900F0BB8140F02A
:1052000001003060FDF77AF9054600BF30684007BD
:1052100000F1C281FDF772F9401B02284FF0030034
:10522000F4D901B0BDE8F083E069002800F0EA831A
:1052300040F60045C4F20265666AA86800025ABFDB
:10524000D9F860000004A86800F07040864240F27F
:105250006581002F40F03483D9F80000400700F149
:105260001383D9F8000040F00400C9F80000D9F811
:10527000000000F0040000900098FEF7F3F9D9F860
:10528000001021F00401C9F80010FFE26068002856
:1052900000F0B883207880072FD5042F20D00C2F62
:1052A00008BFB8F1020F1BD040F60046C4F20266F8
:1052B000E1683068002900F0298240F48070306095
:1052C000FDF71CF9054600BF306840050CD4FDF71A
:1052D00015F9401B02284FF00300F5D9A1E700BFE4
:1052E000E068002800F08E8359F8840C216920F4CE
:1052F000F81040EA014049F8840C207840F6004755
:105300000007C4F2026775D42078400700F1CA8014
:105310002078800600F116812078000600F1508187
:105320002078400600F1B881A56B002D00F0A7841D
:1053300059F8780C00F00C000C2840F06F8259F8F6
:105340006C1C59F8600C012D00F05C83E26B01F0DD
:105350000303934240F05683226CC1F30323013AC6
:10536000934240F04F83626C01F47041914240F0EF
:105370004983A26C01466FF35F21013A914240F0EC
:105380004183E16CC0F3462201398A4240F03A83FE
:10539000216DC0F3064201398A4240F03383616DCA
:1053A000C0F306600139884240F02C8359F85C0C48
:1053B000E16DC0F3CC00884200F0618459F86C0CB8
:1053C00020F0100049F86C0CFDF798F80546FDF741
:1053D00095F8A842FBD0E06DC00049F85C0C59F884
:1053E0006C0C40F0100049F86C0C002001B0BDE8D6
:1053F000F08300BFD9F8000010F004080BD1D9F8F1
:10540000000040F00400C9F80000D9F8000000F0E6
:105410000400009000984FF62846CFF6FF76B85962
:10542000C00713D1B85940F00100B851FDF766F834
:10543000054600BFB859C00708D1FDF75FF8401B0B
:105440000228F7D9032001B0BDE8F0836069D9F8DC
:105450005C10002800F0CC80A06901F080529042DE
:1054600000F04A8301F04062B2F1006F00F0CA829E
:10547000490140F13A83D9F85C0020F0A050C9F806
:105480005C00FDF73BF80546D9F85C00000140F1EF
:105490002B83FDF733F8401B05284FF00300F3D9A9
:1054A000BFE600BFD9F8000010F004080BD1D9F80E
:1054B000000040F00400C9F80000D9F8000000F036
:1054C0000400009000984FF62846CFF6FF76B859B2
:1054D000C00713D1B85940F00100B851FDF70EF8DC
:1054E000054600BFB859C00708D1FDF707F8401BB3
:1054F00002284FF00300F5D993E600BFA568E8073E
:1055000040F08C80D9F85C0020F00100C9F85C0004
:10551000D9F85C0020F004008CE000BFA868B6F168
:10552000404F40F40000A860A86820F0704040EAB6
:105530000600A860C0F0CA80E868216A20F01F0059
:1055400008431CE2E16A3868002900F0098140F450
:1055500080503860FCF7D2FF054600BF38688004F1
:105560003FF5DAAEFCF7CAFF401B02284FF00300FC
:10557000F4D956E620F001003060FCF7BFFF054685
:10558000306840077FF508AEFCF7B8FF401B0228E3
:105590004FF00300F4D944E6B06840F40000B06076
:1055A000B168606A21F070410143B0F1404FB160D1
:1055B000C0F09C80F068216A20F01F0008435EE282
:1055C000216B3868002900F0178140F48040386072
:1055D000FCF794FF054600BF386800043FF5A0AE15
:1055E000FCF78CFF401B02284FF00300F4D918E6AB
:1055F00021F0A050C9F85C00FCF780FF054600BF11
:10560000D9F85C00000140F18F82FCF777FF401B66
:1056100005284FF00300F3D903E600BFD9F85C007A
:10562000690705D540F00400C9F85C00D9F85C00B2
:1056300040F00100C9F85C00FCF760FF002D054652
:1056400041F2883614D000BFD9F85C0080076FD4CF
:10565000FCF754FF401BB0424FF00300F4D9E0E5E3
:10566000FCF74CFF401BB0424FF003003FF6D9ADB2
:10567000D9F85C008007F3D4D9F85C00000600F18B
:105680000182B8F1000F7FF443AED9F8000020F09A
:105690000400C9F800003BE6606B002800F0E080E1
:1056A000B86840F40000B860B86820F07061D4E9D0
:1056B0000902B0F1404F41EA0201B960C0F04A81ED
:1056C000F868216A20F01F000843EAE2B6F1FF3FC4
:1056D00040F31A81E868B6F1804FC0F04B81216A2F
:1056E00020F4F84040EA812049E100BFB0F1FF3FDB
:1056F00040F39481F168B0F1804FC0F0BB81206A23
:1057000021F4F84141EA8020B9E100BF20F4807023
:105710003060FCF7F3FE0546306840057FF5EDADDF
:10572000FCF7ECFE401B02284FF00300F4D978E5AB
:10573000A168D9F85C00090600F1F88020F080002B
:1057400041F28836C9F85C00D9F85C00000598D5AC
:10575000FCF7D4FE401BB0424FF00300F4D960E5E3
:1057600020F480503860FCF7C9FE05463868800494
:105770007FF5D2ADFCF7C2FE401B02284FF00300BC
:10578000F4D94EE5306840F480203060306840F451
:1057900080103060306840F480303060FCF7AEFE3E
:1057A000054600BF306880033FF574ADFCF7A6FEE8
:1057B000401B64284FF00300F4D932E5316800281B
:1057C00021F480313160316821F480213160316809
:1057D00021F480113160E1D1FCF790FE054630687C
:1057E00080037FF557ADFCF789FE401B64284FF01E
:1057F0000300F4D915E500BF20F480403860FCF7C1
:105800007DFE0546386800047FF58AADFCF776FE1C
:10581000401B02284FF00300F4D902E5386820F05D
:1058200080703860FCF76AFE022D05460CD138689E
:10583000800140F18581FCF761FE401B02284FF09A
:105840000300F4D9EDE400BF3868800140F10E8216
:10585000FCF754FE401B02284FF00300F4D9E0E4AB
:10586000386820F010003860FCF748FE05463868BC
:1058700080067FF559ADFCF741FE401B02284FF032
:105880000300F4D9CDE400BFFDF7ECFE20F4803135
:10589000B1F5003F40D10021B6F1805F38BF012152
:1058A00042F20000C4F20200026822F00F020A4431
:1058B0000260006800F00F00884240F0A380666A32
:1058C000A868B6F1404F40F40000A860A86820F036
:1058D000704040EA0600A86006D3E868216A20F01C
:1058E0001F000843A7E000BFB6F1FF3F40F38E80E2
:1058F000E868B6F1804FC0F09980216A20F4F84042
:1059000040EA812097E000BFE868216A20F47870BF
:1059100040EA411033E000BF0021B1EB167F40F0B8
:10592000C780B0F5803F6DD10321B9E740F080001A
:1059300041F28836C9F85C00D9F85C0000053FF5F3
:10594000A0AEFCF7DBFD401BB0424FF00300F3D9E3
:1059500067E400BFB0F1FF3F40F39681F968B0F112
:10596000804FC0F09981206A21F4F84141EA8020FB
:1059700097E100BF216A20F4782040EAC130002F6F
:10598000E86059D1D9F80000400715D4D9F80000D3
:1059900040F00400C9F80000D9F8000000F004004D
:1059A00000900098FDF75EFED9F8001021F0040188
:1059B000C9F8001002E000BFFDF754FE20F480316A
:1059C000B1F5003F14D10021B6F1805F38BF01214D
:1059D00042F20000C4F20200026822F00F020A4400
:1059E0000260006800F00F0088420BD124E000BF85
:1059F0000021B1EB167F69D1B0F5803F02D10321C0
:105A0000E6E700BF012001B0BDE8F083E868216A45
:105A100020F4787040EA41100DE000BFF068216A80
:105A200020F4787040EA411029E000BF216A20F498
:105A3000782040EAC130E860FFF710FB59F8741C89
:105A400042F2081201F00F01C0F60102515C40F26F
:105A5000140220FA01F140F20800C2F200000068CE
:105A6000C2F200021160FCF7D1FD00287FF4D9AB2F
:105A7000FFF792BB206A21F4782141EAC030F06040
:105A8000FFF78ABBD9F85C0041F2883620F080002D
:105A9000C9F85C00D9F85C0000057FF5F2ADFCF7B1
:105AA0002DFD401BB0424FF00300F3D9FFF7B9BB07
:105AB000B6F1005F40F20C81B0FA80F0002140099D
:105AC000B6F1405F98BF01210140E9E6B6F1005F01
:105AD00040F20881B0FA80F000214009B6F1405F41
:105AE00098BF0121014073E7A069D9F85C1021F04B
:105AF00080510843C9F85C00D9F85C0040F0806030
:105B0000C9F85C00FCF7FAFC054600BFD9F85C0058
:105B1000000109D4FCF7F2FC401B05284FF00300FC
:105B2000F4D9FFF77EBB00BFB8F1000F7FF4ECABF8
:105B3000D9F8000020F00400C9F80000FFF7E4BB2A
:105B4000D9F8000010F0040C0BD1D9F8001041F086
:105B50000401C9F80010D9F8001001F00401009107
:105B600000994FF60C48CFF6FF7857F808E057F841
:105B700008304FF6037623F4802347F8083059F8AD
:105B80006C3CD4E91102B343D4E90F656FF0FF0117
:105B90003343184301EB05214FF47E43084349F892
:105BA0006C0C59F8600C0021C8F280010840511EAD
:105BB000E26C4FF4FE0503EB4222236D6FF35F218D
:105BC00005EB0343656D92B24FF0FE4606EB0565AB
:105BD000084403F4FE03104405F0FE45184428442D
:105BE00049F8600C59F86C0C20F0100049F86C0C66
:105BF000E06DC00049F85C0C59F86C0C40F01000E6
:105C000049F86C0C59F86C0CA16D20F00C0008439D
:105C10005FEA4E3149F86C0C05D557F8080040F49E
:105C2000802047F80800BCF1000F05D1D9F800002A
:105C300020F00400C9F8000059F86C0C40F48020F2
:105C400049F86C0C386840F080703860FCF756FCFE
:105C500004463868800112D4FCF750FC001B02286F
:105C60004FF00300F5D9FFF7DCBA00BF59F86C0C10
:105C70004FF6FC71CFF6F871084049F86C0C002023
:105C800001B0BDE8F08300BFF868216A20F47870A5
:105C900040EA411005E000BF206A21F4782141EA82
:105CA000C030F860386840F010003860FCF726FC1F
:105CB000054600BF386880063FF536ABFCF71EFC92
:105CC000401B02284FF00300F4D9FFF7AABA00BF27
:105CD0000221B0F5803F08BF0121B6F1805F18BFF7
:105CE0000121DDE50221B0F5803F08BF0121B6F1B9
:105CF000805F18BF01216BE670470000704700000D
:105D00002DE9F04184B00446032084F83000A06BF4
:105D10000D46032810D14FF08050616B40F6FF789C
:105D200008436063606BC1F6E07868B32068C0F830
:105D3000388001259AE000BF002D4FD0B5F5004F07
:105D4000E9D0B5F5804F61D100212068039102911F
:105D5000002104F0D9FE80015CD402A9204604F0A1
:105D6000FFFE0028D9D19DF80E0040074AD5616C8E
:105D70002068090404F00CFB0028CED12068022121
:105D800004F076FBC9E700BF4FF400100021FDF7D7
:105D9000D5FEE8B143F68933D4E901126669C5F24C
:105DA000E653A0FB0373B6EB136FD4F810C055D2C3
:105DB000A76DB7F5007F51D0B7F5807F2ED1DEB348
:105DC0007700B0FBF7F04FF28007C0F2FA2738E017
:105DD000606B40F000606063ABE700BF00212068AB
:105DE00003910291002104F08FFE800112D402A9D8
:105DF000204604F0B5FE00287FF48FAF9DF80E001A
:105E0000C00747D14FF0806087E700BF4FF00060C8
:105E100083E700BF4FF400607FE700BF4FEA1363E2
:105E2000A6B17700B0FBF7F047F64007C0F27D1748
:105E3000B84288BF1E4611E04FF28007C0F2FA2731
:105E40000026B84288BF5E0E08E000BF47F6400754
:105E5000C0F27D17B84298BF00231E4620682B462B
:105E6000CDF800C0019604F053FE002520684FF4E1
:105E7000007104F0EBFA30B121680125C1F83880D7
:105E8000616B084360630121284684F8301004B038
:105E9000BDE8F081616C2068090404F079FA0028FB
:105EA0007FF43BAF2068002104F0E2FA35E7000000
:105EB0007047000010B5D0E9173ED0F838C09A0FEF
:105EC0000A70C3F38362C3F301644A701A0C8C70C6
:105ED000CA701A0A0A714B714FEA1E52CEF303437D
:105EE000CA80CEF3C0320B72CEF380334A72CEF347
:105EF00040328B72CEF30033CA720022BCF1010F24
:105F00000B734A7334D0BCF1000F40F0858040F62B
:105F1000FC7202EA8E02436E42EA93720A61426E9A
:105F2000C2F3C263C2F342540B75C2F302634B75F2
:105F30008C75C2F38243C2F3C234CB750C760B6905
:105F40000C7E013304F00704023403FA04FEC0F8A7
:105F500048E00C7A04F00F0C012404FA0CF4630AF4
:105F600003FB0EF3C0E913434FF4007312E000BFCC
:105F7000B0F866200EF03F0342EA03424FF480631C
:105F80000A610A6903EB82224FF40073C0E912230D
:105F90000265426E4365C2F38033C2F3C61402F059
:105FA0007F024B768C76CA76806EC20F0A77C0F37A
:105FB0004172C0F382634A778B77C0F38352C0F398
:105FC0004053CA7781F82030C0F30043002281F8A3
:105FD000212081F82230C0F3C033C0F3803481F82F
:105FE000233081F82440C0F34033C0F3003481F8FB
:105FF000253081F82640C0F38123C0F30124C0B2CC
:10600000400881F8273081F8284081F829000120D4
:1060100081F82A00104610BD016840F6FF72C1F6F3
:10602000E0728A63416B012241F08051416380F844
:106030003020104610BD000080B500F1380E9EE8FB
:106040000C5081E80C10826CC1E903E2D0E9132303
:10605000C1E90523426D0020CA6180BD10B5416CC5
:1060600004460068090404F097FB28B1616B0843FB
:106070006063002010BD00BF2068002104F044FDD3
:10608000C0F3432010BD00002DE9F04196B0044656
:1060900090F83000032805D10125284616B0BDE848
:1060A000F08100BF40F6FF780D46C1F6E078FCF7BE
:1060B00025FA216806460846002104F025FD8001E6
:1060C00024D42068402104F0C1F9D0B9616C206863
:1060D000090404F05DF9A0B94FF0FF3010904020A2
:1060E0001190602012900220139000201490012142
:1060F0002068159110A904F031FC206804F0D0FB51
:1061000000B30146606B606302E000BF4FF40061C2
:1061100020680125C0F83880626B1143616384F800
:1061200030504FF4007104F091F90028B5D0216887
:106130000125C1F83880606384F83050284616B0D5
:10614000BDE8F0816F4606E0FCF7D8F9801B01300E
:106150004FF00041DCD02068426B416B12F4957F18
:1061600022D10904F0D504F0F1FC3860206804F075
:10617000EDFC7860206804F0E9FCB860206804F069
:10618000E5FCF860206804F0E1FC3861206804F068
:10619000DDFC7861206804F0D9FCB861206804F067
:1061A000D5FCF8612037CFE7090751D4416B890747
:1061B00050D4416B89064FD4416BC9040CD504F00F
:1061C000C5FC3860FCF79AF9801B013046D0206886
:1061D0000437416BC904F2D440F63A71C1F60001AC
:1061E0008163DDE9001C6FF0FF0ECEB2B209DDE97C
:1061F00002372A700EEA1122C6F3401642EA1161F4
:106200006E7069809CFA8CF16960190AC3F30352BD
:106210002B7269720EEA1341AA72FAB21144A98173
:10622000C7F38521C7F30123A9731109EB732974FF
:1062300007F00F0169749DF81310A97400254FF43D
:10624000007104F003F900287FF471AF25E700BF67
:1062500008215DE702215BE7202159E74FF000416B
:1062600056E7000070B582B004460068E56A416BED
:1062700015F0080618BF11F400415FD1416BC90544
:1062800000F18880416B002E18BF11F4804140F06E
:10629000D380426B416B12F03A0F00F015818907F1
:1062A00000F11681416B090700F11A81416B8906E3
:1062B00000F11E81416BC90603D5616B41F01001ED
:1062C000616340F63A71C1F600018163C16B21F44C
:1062D0009D71C163C16821F04001C160C16A41F490
:1062E0000051C162C16841F08001C16004F0EAFA66
:1062F0002168626B002E40EA02006063C86820F0EB
:106300008000C8604FF40060886340F0FB8028067E
:1063100040F1DC80606B002800F0D880C86B20F072
:106320008050C863002008650121204684F83010A1
:1063300002B0BDE87040FFF7BBBD00BFA16A2029D5
:10634000C0F0C480656A04F001FC2860206804F095
:10635000FDFB6860206804F0F9FBA860206804F089
:10636000F5FBE860206804F0F1FB2861206804F088
:10637000EDFB6861206804F0E9FBA861206804F087
:10638000E5FBE861A16A05F120006062A1F120004F
:10639000A0629BE04FF480718163C16B4CF23A12B2
:1063A0009143C163C16B21F08051C163C16821F089
:1063B0004001C16006BB290640F18880002615F027
:1063C000220F8662C662066508D004F07BFA28B107
:1063D000616B084360632046FFF76AFD012015F0FA
:1063E000300F84F83000E6621CBF204600F0C8FB86
:1063F000A8071AD16AE000BF15F0220F08D004F0F8
:1064000061FA28B1616B084360632046FFF750FDD5
:10641000206840F63A71C1F600018163012084F8DA
:1064200030000020A907E06278D0204602B0BDE825
:10643000704000F0A3BB00BF216A202946D3E66963
:1064400001AD31780191727841EA02210191B2786F
:1064500041EA02410191F27841EA02610191294643
:1064600004F078FB716820680191294604F072FB02
:10647000B16820680191294604F06CFBF16820683E
:106480000191294604F066FB316920680191294693
:1064900004F060FB716920680191294604F05AFB01
:1064A000B16920680191294604F054FBF06929463E
:1064B00001902068203604F04DFB206AE661203808
:1064C000206202B070BD00BFC9002DD402B070BD03
:1064D000616B41F002016163416B09077FF5E6AE34
:1064E000616B41F008016163416B89067FF5E2AEA3
:1064F000616B41F020016163416BC9063FF5DDAE80
:10650000DFE600BF012084F8300000212046E16270
:1065100002B0BDE87040FFF7CBBC00BF204602B020
:10652000BDE8704000F02CBB4FF08051AA0681639B
:10653000204602B0BDE8704048BFFFF7DFBBFFF761
:10654000DBBB0000B0B586B068B3044690F83000FD
:1065500020B900202076204600F09EF9042084F81F
:106560003000204600F050F8E8B901A92046FFF7B6
:106570008BFDC0B99DF814109DF81520A06B012863
:1065800006D11143C9B219B14FF4007005E000BF44
:10659000012814BF00204FF48070E168A0652046F8
:1065A000FFF7AEFB10B1012006B0B0BDFBF7A6FFB0
:1065B000054607E0616B08436063FBF79FFF401BE4
:1065C000013017D0616C2068090404F0E5F8002858
:1065D000F0D12068002104F097FA00F4F050B0F5F3
:1065E000006FEAD1002001216063E06284F830107E
:1065F00006B0B0BD4FF000406063012084F8300069
:10660000032006B0B0BD0000F0B58FB004464FF4D3
:10661000001000210027FDF791FA00283ED048F62F
:1066200059310546000AC0F24F11A0FB010146F6A0
:106630000060C0F2A050854220684FEA11164FF06A
:10664000000138BF7626002200230097019604F04F
:106650005FFA206804F072FAB5EB460F0BD37000B6
:10666000B5FBF0F042F21011C0F20101B1FBF0F005
:106670000130FBF715FE1420FBF712FE00200490FA
:10668000206803F007FF98B1012184F83010626B95
:106690001043606308460FB0F0BD00BF01214FF00A
:1066A000006084F83010606308460FB0F0BD00BF92
:1066B000206803F025FFB0F1004F0BD120680021C6
:1066C000E16303F0E7FE0028DED1E06B012803D090
:1066D0000AE000BF0120E0632068002103F058FEBB
:1066E00010B14FF08050CFE704984FF6FE7188420A
:1066F00020D80025CCF210054FF6FF762068002147
:1067000003F046FE00283DD12068294603F052FEE2
:10671000E0BB2068002104F0F7F90499002801F19A
:1067200001010491049901D4B142E7D3C0F3807010
:1067300001E000BF002004994FF6FF72914203D39D
:106740004FF08070A0E700BFA0630020ADF80E00FE
:10675000FBF7D4FE21680546084604F0D1F9C8B11C
:10676000A06B03281AD12068042104F0CDF9000D94
:10677000206404A92046FFF79DFB002866D04FF057
:10678000805081E74FF080507EE700BF4FF080508F
:106790007AE700BF4FF0806076E700BF206803F023
:1067A0003DFF00287FF470AF2068002104F0ACF9B1
:1067B0002168E0660846042104F0A6F921682067F4
:1067C0000846082104F0A0F92168606708460C21FA
:1067D00004F09AF9A16BA0670329C4D00DF10E064D
:1067E00041F287372068314603F0E8FF00287FF444
:1067F0004BAFFBF783FE401BB84249D8BDF80E10E3
:106800000029EFD0A06B0328ADD020686164090493
:1068100003F05AFF00287FF437AF2068002104F00E
:1068200073F92168E0650846042104F06DF92168D8
:1068300020660846082104F067F92168606608466A
:106840000C2104F061F9A0668DE700BF616C20683F
:10685000090403F0D1FE00287FF416AF20684FF43E
:10686000007103F0F3FD78B1216840F6FF72C1F6C4
:10687000E0728A63616B08430121606384F8301021
:1068800008460FB0F0BD00BF002108460FB0F0BDB4
:106890004FF00040F8E6000070B5BAB0044602A818
:1068A00000250830C0213995CDE93755CDE935555A
:1068B000F9F72AFD206848F20001C4F20C21884251
:1068C00002D03AB070BD00BF4FF44010029002A851
:1068D0000395CDE92A55FDF779FE002818BFF9F791
:1068E000B1FF40F68C40C4F20260016840F600043B
:1068F00041F0040101600168C4F2022401F00401C6
:1069000001910199016835AD41F00801016001680C
:10691000002601F0080101910199016841F0006130
:1069200001600068294600F00060019001984FF472
:10693000F850359002203690032038900C20399082
:1069400020463796FBF7C0FC0420359004F58060A4
:1069500029463796FBF7B8FC4E2006210022FBF7AC
:10696000D1FE4E20FBF7BEFE3AB070BD2DE9F043DC
:1069700087B0984615460E460446FBF7BFFD9EB10C
:10698000074694F83000012816D100216163206D7C
:1069900008EB0502824217D9606B40F0007060631B
:1069A000012007B0BDE8F083606B40F000606063D9
:1069B000012007B0BDE8F083606B40F000506063D9
:1069C000012007B0BDE8F083032084F83000A26BFB
:1069D0002068012A4FF0FF32C16218BF6D02019298
:1069E0004FEA48224FF0020902929022CDE9049129
:1069F000069101A9039203F0B1FF2068B8F1020FDC
:106A0000C16841F04001C16016D32946C4F82C90FA
:106A100003F0CEFDB8B1216840F6FF72C1F6E07216
:106A20008A63616B084360630120002184F83000B1
:106A3000E16207B0BDE8F0830121E162294603F07D
:106A4000C9FD0028E7D1DDF83890029D05E000BFC0
:106A5000FBF754FDC01B484548D22068416B11F438
:106A6000957F27D1416B202DF2D311F40041EFD057
:106A700004F06CF83060206804F068F870602068FA
:106A800004F064F8B060206804F060F8F0602068FA
:106A900004F05CF83061206804F058F870612068F8
:106AA00004F054F8B061206804F050F8F06120362A
:106AB000203DCDE7C168B8F1020F21F04001C1606F
:106AC000416B27D311F4807124D0A16B032921D00D
:106AD00003F0F8FE01462068E1B140F6FF72C1F60E
:106AE000E0728263606B08439DE700BF206840F658
:106AF000FF71C1F6E0718163606B40F0004060633C
:106B0000012084F830000020E062032007B0BDE8D7
:106B1000F08300BF416B090712D4416B890719D478
:106B2000416B890620D440F63A71C1F600018163B9
:106B3000012084F83000002007B0BDE8F08300BFDA
:106B400040F6FF71C1F6E0718163606B40F00800B0
:106B500069E700BF40F6FF71C1F6E0718163606BC9
:106B600040F002005FE700BF40F6FF71C1F6E07140
:106B70008163606B40F0200055E700007047000023
:106B8000704700002DE9F04788B0984615460E463C
:106B90000446FBF7B3FC9EB1824694F8300001280E
:106BA00016D100216163206D08EB0502824217D9DE
:106BB000606B40F000706063012008B0BDE8F087B2
:106BC000606B40F000606063012008B0BDE8F087B2
:106BD000606B40F000506063012008B0BDE8F087B2
:106BE000032084F83000A26B2068012A4FF0FF32A6
:106BF000C16218BF6D0202924FEA482203929022AE
:106C0000CDE90421CDE9061102A903F0A7FE206811
:106C1000B8F1020FC16841F04001C16016D32021D4
:106C2000E162294603F076FEB8B1216840F6FF72B2
:106C3000C1F6E0728A63616B084360630120002142
:106C400084F83000E16208B0BDE8F0871021E1620D
:106C5000294603F071FE0028E7D1DDF84090039F3C
:106C600001AD05E0FBF74AFCA0EB0A00484565D200
:106C70002068416B11F48D7F44D1416B202FF1D3FB
:106C800011F48041EED031780191727841EA02210D
:106C90000191B27841EA02410191F27841EA026140
:106CA0000191294603F056FF716820680191294639
:106CB00003F050FFB16820680191294603F04AFFB4
:106CC000F16820680191294603F044FF316920688A
:106CD0000191294603F03EFF716920680191294620
:106CE00003F038FFB16920680191294603F032FFB3
:106CF000F069294601902068203603F02BFF203FE1
:106D0000B0E700BFC168B8F1020F21F04001C160D7
:106D1000416B25D311F4807122D0A16B03291FD0C0
:106D200003F0D0FD01462068D1B140F6FF72C1F6F4
:106D3000E0728263606B08437FE700BF206840F623
:106D4000FF71C1F6E0718163606B6063012084F8BC
:106D500030000020E062032008B0BDE8F08700BFEB
:106D6000416B090712D4416B890719D4416BC906DD
:106D700020D440F63A71C1F600018163012084F805
:106D80003000002008B0BDE8F08700BF40F6FF717A
:106D9000C1F6E0718163606B40F008004DE700BF11
:106DA00040F6FF71C1F6E0718163606B40F0020054
:106DB00043E700BF40F6FF71C1F6E0718163606B8D
:106DC00040F0100039E70000002804BF01207047A0
:106DD00010B50446022084F889002068016821F07B
:106DE00001010160204600F0C7F80020C4F88C00C3
:106DF00084F8890084F8880010BD0000F0B581B0E7
:106E0000002861D00446006842F2000240F080533E
:106E1000C5F2006200219342A16203D1E1680F290B
:106E200052D800E0E168E36B012505EB531308310C
:106E3000C90803FB01F143F2FF73C5F20003984256
:106E400010DC43F60002C4F2000290423AD043F252
:106E50000002C4F20102904234D042F20002C4F2B5
:106E600000620BE043F60003C5F20003984229D00C
:106E700043F20003C5F20103984223D0904201D1AE
:106E8000082921D894F8891031B9002084F88800A5
:106E9000204600F073F82068022184F88910016808
:106EA00021F0010101608368A7696268B7F1806F12
:106EB00003F4F81C14D15AB1B2F5800F10D1A36BB2
:106EC000A3B909E01029DDD9012001B0F0BD00BF50
:106ED000A36BB3F1805F05D1036843F48053036073
:106EE000530203D4E3684FF0010E0DE0E368072B73
:106EF00008D3D0F800E0266D2EF4807535434FF0AE
:106F0000000E04E04FF0000E056825F48075056062
:106F1000E569A66A45EA0C05E16B2E433143194346
:106F2000A568266963698160616B3A43676A1143AA
:106F3000A26B394311433143226A1943E36C114375
:106F40001943A26C2943A36D1143E26D1943236ECB
:106F500011431943BEF1000FC16005D1C168626DD4
:106F600021F000411143C16000200121C4F88C00D0
:106F700084F8891001B0F0BD704700007047000030
:106F80002DE9F04381B0044690F8880001281CD018
:106F9000D4F8009001201D4617460E4684F888005C
:106FA000FBF7ACFA94F8891001290BD1002E18BF19
:106FB000002F0FD1002084F88800012001B0BDE827
:106FC000F08300BF002084F88800022001B0BDE8F3
:106FD000F08300BF80460320002184F88900C4F8B4
:106FE0008C106666A4F86870A4F86A70E166A4F86C
:106FF0007010A4F87210A068A167B0F5C02F2068C7
:10700000E16705D10168024641F4006106E000BF76
:10701000024652F80C1F012363F35241116041688C
:107020004FF6FF72914339444160016841F001011C
:107030000160C169890207D46168B1F5800F03D18D
:10704000016841F400710160E168102912D343F234
:10705000FF71C5F20001884200F3948043F60001FD
:10706000C4F20001884200F0998043F20001C4F2AA
:10707000010191E0072900F2CF80B4F86A100029DD
:1070800000F02881691C44D04FF6FE718E1E4F1C03
:107090004169890706D4FBF731FAA0EB0800A84242
:1070A0002BD343E1B4F86A10042909D3E16B4029DA
:1070B00006D9616E51F8042B02623046616617E012
:1070C000B4F86A1002290BD3E16B49B1606E30F855
:1070D000021BA9F8201060664FF6FE7008E000BFA2
:1070E000616E097880F82010606E01306066384665
:1070F000B4F86A100844A4F86A00B4F86A000028DA
:1071000000F0E880206841698907CBD4C3E700BF5D
:1071100020684169890703D4FBF7F0F92CE000BF30
:10712000B4F86A1004290BD3E16B412908D3616ECE
:1071300051F8042B02626166B4F86A00043819E061
:10714000B4F86A1002290BD3E16B49B1606E30F8D4
:10715000021BA9F820106066B4F86A00023809E042
:10716000616E097880F82010606E01306066B4F8B6
:107170006A000138A4F86A00B4F86A000028C7D190
:10718000A8E000BF43F20001C5F20101884205D02A
:1071900043F60001C5F2000188423DD1B4F86A10FF
:1071A000002900F09780691C1FD000BF4169890742
:1071B00006D4FBF7A3F9A0EB0800A8420AD3B5E078
:1071C000616E51F8042B02626166B4F86A000138FE
:1071D000A4F86A00B4F86A00002800F07B802068F8
:1071E00041698907E5D5EBE720684169890703D440
:1071F000FBF784F90AE000BF616E51F8042B0262CC
:107200006166B4F86A000138A4F86A00B4F86A004C
:107210000028E9D15EE000BFB4F86A10002959D017
:10722000691C35D04FF6FE714E1C4169890707D4A1
:10723000FBF764F9A0EB0800A8421BD376E000BF7F
:10724000B4F86A10022909D3E16B39B1616E51F8C3
:10725000042B02624FF6FE70616606E0606E30F845
:10726000021BA9F8201060663046B4F86A10084482
:10727000A4F86A00B4F86A0060B32068416989071D
:10728000DED4D5E7FBF73AF9B4F86A0000BB21E099
:1072900041698907F6D5B4F86A1002290AD3E16B6F
:1072A00041B1616E51F8042B02626166B4F86A0064
:1072B000023808E0606E30F8021BA9F82010606602
:1072C000B4F86A000138A4F86A00B4F86A0008B19A
:1072D0002068DDE7681C13D020684069000713D4DC
:1072E000FBF70CF9A0EB0800A842F5D3D4F88C000A
:1072F00040F02000C4F88C0006E000BFFBF7FEF869
:10730000206840690007F9D5204603F087FD00207A
:1073100084F88800012084F88900D4F88C000028C3
:1073200018BF012001B0BDE8F08300BF204603F084
:1073300075FD002084F88800D4F88C0040F480703B
:10734000C4F88C00012084F88900032001B0BDE856
:10735000F08300002DE9F047044690F888000128EA
:1073600004BF0220BDE8F087D4F8009001209A46BF
:1073700015460F4684F88800FBF7C0F894F889108A
:1073800001290BD127B1002D18BFBAF1000F0BD185
:10739000002084F888000120BDE8F087002084F8F0
:1073A00088000220BDE8F08780460520002184F88F
:1073B0008900C4F88C10E566A4F872A0A4F870A047
:1073C0006766A4F86AA02068A4F868A0A167E167CE
:1073D000C1684FF6FF7221F4C021C160416891433A
:1073E00051444160016841F001010160C1698902B5
:1073F00007D46168B1F5800F03D1016841F40071D1
:107400000160E168089D102910D343F2FF71C5F2B5
:10741000000188424ADC43F60001C4F200018842C0
:1074200050D043F20001C4F2010149E0072900F203
:107430008380681C00F03A81574606E0FBF75EF84F
:10744000A0EB0800A84280F0B18057EA0A0000F0E3
:1074500067812068BAF1000F416918BF11F002017D
:107460000ED0616E097880F82010616E20680131BD
:107470006166B4F86A100139A4F86A10B4F86AA019
:107480004169002F18BF11F00101D7D090F83000EA
:10749000E16E0870E06E0130E066B4F87200013809
:1074A000A4F87200B4F87270C8E700BF43F200019C
:1074B000C5F20101884205D043F60001C5F2000182
:1074C000884239D1681C00F0838048F20809574689
:1074D00006E000BFFBF712F8A0EB0800A84265D257
:1074E00057EA0A0000F01C812068BAF1000F4169D8
:1074F00018BF11F002010BD0616E51F8042B02622B
:107500006166B4F86A100139A4F86A10B4F86AA088
:107510004169002F18BF11EA0901DBD0006BE16E51
:1075200041F8040BE166B4F872000138A4F8720067
:10753000B4F87270CEE700BF681C00F08180574637
:1075400006E000BFFAF7DAFFA0EB0800A8422DD250
:1075500057EA0A0000F0E4802068BAF1000F4169A0
:1075600018BF11F002010CD0616E31F8022BA9F89E
:1075700020206166B4F86A100139A4F86A10B4F8E2
:107580006AA04069002F18BF10F00100DAD0B9F8E6
:107590003000E16E21F8020BE166B4F872000138A8
:1075A000A4F87200B4F87270CCE700BF204603F074
:1075B00035FC002084F88800D4F88C0040F48070FA
:1075C000C4F88C00012084F889000320BDE8F0870E
:1075D000002048F2080756460AE000BFFAF78EFF7F
:1075E000BAFA8AF05AEA06014FEA501000F0988081
:1075F0002168002E4A6918BF12F002020BD0626E99
:1076000052F8043B0B626266B4F86A20013AA4F8AF
:107610006A20B4F86A604A693A40B2FA82F25209C2
:107620001043C007DAD1086BE16E41F8040BE16644
:10763000B4F872000138A4F87200B4F872A0CDE773
:1076400000200127564608E0FAF758FFBAFA8AF0F8
:107650005AEA06014FEA501062D02168002E4A69AA
:1076600018BF12F002020CD0626E32F8023BA9F889
:1076700020306266B4F86A20013AA4F86A20B4F8AF
:107680006A60496927EA01010843C007DCD1B9F8FB
:107690003000E16E21F8020BE166B4F872000138A7
:1076A000A4F87200B4F872A0CEE700BF00204FF03B
:1076B0000109574609E000BFFAF720FFBAFA8AF03D
:1076C0005AEA07014FEA50102AD02168002F4A6970
:1076D00018BF12F002020ED0626E127881F82020DC
:1076E000626E216801326266B4F86A20013AA4F839
:1076F0006A20B4F86A704A6929EA02021043C00796
:10770000DAD191F83000E16E0870E06E0130E06689
:10771000B4F872000138A4F87200B4F872A0CBE794
:10772000681C13D020684069000713D4FAF7E6FEFE
:10773000A0EB0800A842F5D3D4F88C0040F020005C
:10774000C4F88C0006E000BFFAF7D8FE2068406954
:107750000007F9D5204603F061FB002084F888007B
:10776000012084F88900D4F88C00002818BF01207B
:10777000BDE8F087704700007047000070470000C8
:10778000704700007047000070470000704700001D
:10779000002804BF0120704710B5044690F83D0052
:1077A00028B9002084F83C00204600F023F802208D
:1077B00084F83D002068211D03F096FD012084F827
:1077C000480084F83E0084F83F0084F8400084F8C4
:1077D000410084F8420084F8430084F8440084F8AF
:1077E000450084F8460084F8470084F83D000020F6
:1077F00010BD00007047000090F83D1001291CBF2B
:1078000001207047022180F83D100168C868B1F17D
:10781000A04F40F00100C86016DA40F6FF30C4F215
:107820000000814226DD43F2FF30C4F201008142B4
:107830003CDC40F60040C4F2000081424ED042F6EB
:107840000040C4F2010047E040F6FF30C5F20000FE
:1078500081421DDD43F2FF30C5F20100814231DC7F
:1078600040F60040C5F20000814237D042F60040A9
:1078700030E000BFB1F1804F30D040F20040C4F2A0
:10788000000081422AD040F60000C4F2000023E04C
:10789000B1F1A04F22D040F20040C5F20000814279
:1078A0001CD040F60000C5F2000015E043F2004095
:1078B000C4F20100814211D044F20000C4F2010080
:1078C0000AE000BF44F20000C5F20100814205D089
:1078D00043F20040C5F2010081420DD188680722C1
:1078E000C0F201020240062A4FF0000018BFB2F5B4
:1078F000803F01D1704700BF086840F00100086078
:10790000002070477047000010B501680446086900
:10791000800744BFC8685FEA807061D40869400787
:1079200044BFC8685FEA407066D40869000744BF76
:10793000C8685FEA00706DD40869C00644BFC868B3
:107940005FEAC06072D40869C0071CBFC8685FEAFC
:10795000C07079D10869000644BFC8685FEA00605A
:107960007AD40869C00544BFC8685FEA006000F1C6
:107970007B800869400644BFC8685FEA406000F148
:107980007B800869800644BFC8685FEA806000F1B8
:107990007B800869C00244BFC8685FEAC02000F16C
:1079A0007B800869800244BFC8685FEA802000F1DC
:1079B0007B800869400244BFC8685FEA402000F14C
:1079C0007B800869000246BFC8685FEA002010BDDE
:1079D0006FF4000220460A61BDE81040FFF7D6BEF2
:1079E0006FF00200086101202077886980076BD062
:1079F0002046FFF787FF6DE06FF00400086102206A
:107A00002077886910F4407F68D02046FFF77AFF1E
:107A10006AE000BF6FF00800086104202077C869A1
:107A2000800765D02046FFF76DFF67E06FF010001C
:107A3000086108202077C86910F4407F62D0204692
:107A4000FFF760FF64E000BF6FF0010008612046AF
:107A500000F066F821687DE76FF08000086120463D
:107A6000FFF78AFE21687CE76FF48070086120468A
:107A7000FFF780FE21687CE76FF040000861204638
:107A800000F058F821687CE76FF02000086120467C
:107A9000FFF774FE21687CE76FF4801008612046D0
:107AA000FFF770FE21687CE76FF400100861204644
:107AB000FFF766FE21687CE76FF4800008612046CE
:107AC000FFF762FE21687CE7204600F025F820469B
:107AD00000F024F82168002020771FE7204600F0FE
:107AE0001BF8204600F01AF82168002020771CE7D8
:107AF000204600F011F8204600F010F82168002020
:107B0000207719E7204600F007F8204600F006F835
:107B100021680020207716E77047000070470000BA
:107B2000006841F20001C4F20001884208BFFAF780
:107B300033BD70477047000090F88410012904BFDE
:107B4000022070472421C0F8881002681168136869
:107B500023F00103136021F00053002141661360FC
:107B60002022C0F8882080F8841008467047000062
:107B7000B0B590F88420012A04BF0220B0BD2422B1
:107B8000C0F888200268D0F864E0D2F800C013681A
:107B9000BEF1000F23F001031360936823F06063CC
:107BA00041EA0301916019D09368916842F2C83E9E
:107BB000490FC0F6010E42F2D0351EF80140C0F662
:107BC0000105C3F34263695CE400B4FBF1F11EF804
:107BD0000340EB5CE500B5FBF3F301E00121012379
:107BE000A0F86A102021A0F86830C2F800C0C0F8E0
:107BF0008810002180F884100846B0BDB0B590F818
:107C00008420012A04BF0220B0BD2422C0F88820AD
:107C10000268D0F864E0D2F800C01368BEF1000F2B
:107C200023F001031360936823F0604341EA0301EA
:107C3000916019D09368916842F2C83E490FC0F62E
:107C4000010E42F2D0351EF80140C0F60105C3F323
:107C50004263695CE400B4FBF1F11EF80340EB5CA5
:107C6000E500B5FBF3F301E001210123A0F86A1060
:107C70002021A0F86830C2F800C0C0F888100021A8
:107C800080F884100846B0BD10B5B0B10446D0F8F5
:107C9000880028B9002084F88400204600F028F8E5
:107CA0002420C4F888002068016821F001010160E7
:107CB000204603F083FD012802D1012010BD00BF42
:107CC000A06A00281CBF204603F04CFC21684868CD
:107CD00020F490404860886820F02A008860086896
:107CE00040F0010220460A60BDE8104003F0AEBC3F
:107CF000B0B5BAB0044602A800250830C0213995B5
:107D0000CDE93755CDE93555F8F7FEFA206843F649
:107D10000001C4F20101884202D03AB0B0BD00BFF8
:107D20000120029002A803951695FCF74FFC00284D
:107D300018BFF8F787FD40F68C40C4F202608169F5
:107D400041F480418161816901F48041019101998F
:107D5000016841F001010160006835A900F00100EF
:107D6000019001984FF4C0603590022036900020B9
:107D7000CDE93700072039900020C4F20220FAF73D
:107D8000A3FA3AB0B0BD00002DE9F04182B004463C
:107D9000D0F8880020281EBF022002B0BDE8F08184
:107DA0000E4600294FF001001CBF1746002A03D1E0
:107DB00002B0BDE8F08100BF20681D468168090659
:107DC00003D5816821F0800181604FF000082120F7
:107DD000C4F89080C4F88800FAF790FBA4F85470B7
:107DE000A4F85670A1680746B1F5805F0FD12069ED
:107DF000002814BF3046B046064608E016F8010BCE
:107E000021688862B4F856000138A4F85600B4F826
:107E1000560088B12046802100223B46009503F0A1
:107E2000DBFDC8B9002EE9D138F8020B21686FF3E9
:107E30005F2088620026E5E72046402100223B467D
:107E4000009503F0C9FD2021C4F88810002818BF50
:107E5000032002B0BDE8F0812020C4F88800032090
:107E600002B0BDE8F0810000FEE70000F0B583B08D
:107E700000284FF0010600F0C380044600796179C4
:107E8000002818BF01208201043240F600050029B5
:107E900008BF82011220C4F202258DF802008DF87D
:107EA0000320284610210022FAF722FB02960298AE
:107EB00000EB8000800001900198411E019188B183
:107EC00000BF0198411E019160B100BF0198411EA1
:107ED000019138B100BF0198411E019110B100BF5E
:107EE000EAE700BF40F69430C2F200000DF1020153
:107EF00002220A23FFF744F80646284610210122F1
:107F00000127FAF7F5FA0297029800EB800080004B
:107F1000019000BF0198411E019188B100BF0198F6
:107F2000411E019160B100BF0198411E019138B11D
:107F300000BF0198411E019110B100BFEAE700BFE8
:107F4000002E4FF001065BD12078617800220843B3
:107F500010218DF802108DF8030028461021FAF741
:107F6000C7FA0296029800EB80008000019000BFE3
:107F70000198411E019188B100BF0198411E0191F5
:107F800060B100BF0198411E019138B100BF019856
:107F9000411E019110B100BFEAE700BF40F69430E6
:107FA000C2F200000DF1020102220A23FEF7E8FFEF
:107FB00006462846102101220127FAF799FA02976E
:107FC000029800EB80008000019000BF0198411EE4
:107FD000019188B100BF0198411E019160B100BFBD
:107FE0000198411E019138B100BF0198411E0191D5
:107FF00010B100BFEAE700BF002E4FF0010603D02A
:10800000304603B0F0BD00BFA078E17800220843FD
:1080100011218DF802108DF8030028461021FAF77F
:1080200067FA0296029800EB80008000019000BF82
:108030000198411E019188B100BF0198411E019134
:1080400060B100BF0198411E019138B100BF019895
:10805000411E019110B100BFEAE700BF40F6943025
:10806000C2F200000DF1020102220A23FEF788FF8E
:1080700006462846102101220125FAF739FA029511
:10808000029800EB80008000019000BF0198411E23
:10809000019188B100BF0198411E019160B100BFFC
:1080A0000198411E019138B100BF0198411E019114
:1080B00010B100BFEAE700BF26B10126304603B089
:1080C000F0BD00BF6178E0784FEAB101032905D81F
:1080D00019A202EB810191ED000A01E09FED150A62
:1080E0004FEAB00140F20C00C2F20000032980ED1B
:1080F000000A07D8DFE801F0020E12160021C4F2D0
:108100000C1112E00021C4F28C210026416030469F
:1081100003B0F0BD0021C4F28C1106E00021C4F2CE
:108120000C2102E00021C4F28C214160002630467F
:1081300003B0F0BD23DBF93D23DB793D23DBF93EC2
:1081400023DBF93D23DB793E2DE9F04F87B000209A
:108150008DF80F0042F26400C0F6010081880068CB
:10816000ADF80C1002901420FAF79AF80DF10F00F8
:1081700000F0C6F99DF80F10002808BF6C2905D043
:108180006EA06C2209F0BEFA012559E040F6000409
:108190004FF48970C4F20224ADF81000204610217B
:1081A0000022FAF7A5F901260696069800EB800052
:1081B000800005900598411E059188B100BF059883
:1081C000411E059160B100BF0598411E059138B16F
:1081D00000BF0598411E059110B100BFEAE700BF3E
:1081E00040F69430C2F2000004A902220A23FEF7EE
:1081F000C7FE0546204610210122FAF779F90696B6
:10820000069800EB80008000059000BF0598411E95
:10821000059188B100BF0598411E059160B100BF6E
:108220000598411E059138B100BF0598411E059182
:1082300010B100BFEAE700BF002D4FF0010503D0E9
:10824000284607B0BDE8F08F40F694394FF0920A07
:108250004FF00A0B0DF11008C2F200090DF11206E1
:108260000120FAF71DF8204610210022ADF810A0D9
:10827000FAF73EF90695069800EB8000800005901D
:108280000598411E059188B100BF0598411E0591D2
:1082900060B100BF0598411E059138B100BF059837
:1082A000411E059110B100BFEAE700BF48464146B4
:1082B00032460223CDF800B0FFF74CF807462046BF
:1082C00010210122FAF714F90695069800EB8000B8
:1082D000800005900598411E059188B100BF059862
:1082E000411E059160B100BF0598411E059138B14E
:1082F00000BF0598411E059110B100BFEAE700BF1D
:1083000057B99DF81300C007AAD10A20F9F7C8FF92
:1083100002A8FFF7ABFD28B10125284607B0BDE84C
:10832000F08F00BF42F67D20C0F6010009F088FE04
:108330000025284607B0BDE8F08F00BF5B4C534DC9
:108340003644534F585D2057484F5F414D5F492099
:10835000E5A4B1E8B4A53A20E8AFBB3D30782530BC
:10836000325820E69C9FE69C9B3D30782530325861
:108370000D0A0000F0B58BB00446002040F6000660
:10838000ADF82200CDF81E00CDF81A00CDF8160089
:10839000CDF80F000390CDE90100A020C4F2022621
:1083A0008DF81500304610210022FAF7A1F80127B8
:1083B0000A970A9800EB8000800009900998411EF6
:1083C000099188B100BF0998411E099160B100BFB1
:1083D0000998411E099138B100BF0998411E0991C1
:1083E00010B100BFEAE700BF40F694300A250DF156
:1083F0001501C2F2000001AA0F230095FEF7AAFFA3
:108400000546304610210122FAF772F80A970A98B9
:1084100000EB8000800009900998411E099188B105
:1084200000BF0998411E099160B100BF0998411E23
:10843000099138B100BF0998411E099110B100BFE0
:10844000EAE700BF15B128460BB0F0BDBDF9050045
:108450009FED2A1A00EE100ABDF90710B8EEC00A07
:10846000BDF9092020EE010AB3EE091ABDF90B008F
:1084700030EE010A01EE101A40F20C0784ED060AF4
:1084800004EE102AC2F20007B8EEC11A97ED012AD5
:10849000B8EEC44A05EE100ABDF90D30BDF90F1053
:1084A00022EE011AB8EEC55A22EE044ABDF91100B7
:1084B00084ED031A22EE052A05EE103A01EE101A99
:1084C00084ED044A84ED052A04EE100A97ED003A83
:1084D000B8EEC55AB8EEC11AB8EEC44A23EE050A82
:1084E00023EE011A23EE043A84ED000A84ED011A0A
:1084F00084ED023A28460BB0F0BD00BF0000803B7F
:10850000F0B585B040F6000504468F20C4F2022580
:10851000ADF80A00284610210022F9F7E9FF0127EB
:108520000497049800EB8000800003900398411E9C
:10853000039188B100BF0398411E039160B100BF51
:108540000398411E039138B100BF0398411E039167
:1085500010B100BFEAE700BF40F694300A260DF1E3
:108560000A01C2F2000002AA02230096FEF7F2FE00
:108570000646284610210122F9F7BAFF049704980D
:1085800000EB8000800003900398411E039188B1A6
:1085900000BF0398411E039160B100BF0398411EC4
:1085A000039138B100BF0398411E039110B100BF81
:1085B000EAE700BF16B1304605B0F0BD9DF80900EE
:1085C0002070304605B0F0BDF0B585B040F600052E
:1085D00004469E20C4F20225ADF80A002846102168
:1085E0000022F9F785FF01270497049800EB80002B
:1085F000800003900398411E039188B100BF039847
:10860000411E039160B100BF0398411E039138B130
:1086100000BF0398411E039110B100BFEAE700BFFD
:1086200040F694300A260DF10A01C2F2000002AAB7
:1086300002230096FEF78EFE0646284610210122F0
:10864000F9F756FF0497049800EB80008000039030
:108650000398411E039188B100BF0398411E039106
:1086600060B100BF0398411E039138B100BF039869
:10867000411E039110B100BFEAE700BF16B13046BA
:1086800005B0F0BD9DF809002070304605B0F0BD82
:1086900010B542F26840C0F6010006F0ABFB40F2B4
:1086A0002004C2F20004206042F27840C0F60100CB
:1086B00006F0A0FB60604BF2FD0042F22042C0F6E3
:1086C0000000C0F60102002106F01CFCA0604AF682
:1086D000157042F2D832C0F60000C0F60102002147
:1086E00006F010FCE0604BF2B91042F24442C0F6D2
:1086F0000000C0F60102002106F004FC20614AF6E9
:10870000D17042F2FC32C0F60000C0F60102002136
:1087100006F0F8FB606110BD80B586B0002040F621
:108720008C41CDE90400C4F202610A6842F00402FF
:108730000A60096801F00401009100994FF40051AA
:10874000CDE901100120039040F60000C4F20220A0
:1087500001A9F9F7B9FD06B080BD000080B586B06B
:10876000F9F7D2FE002818BFF8F76CF800200121B5
:10877000CDE90100CDE90310059001A90020F9F72A
:10878000E5FE002818BFF8F75DF806B080BD0000D0
:10879000B0B540F6183048F20002C2F200000021E5
:1087A000C4F20C227623C0E90021C0E90211C0E91D
:1087B0000413FDF7C7FE002818BFF8F743F840F68A
:1087C0001834C2F2000420464FF480414FF4804533
:1087D000FDF796FA002808BFE560B0BD2DE9F0432B
:1087E00087B0002740F68C400697C4F2026001680B
:1087F00040F2000941F0010101600168C4F2022960
:1088000001F0010101910199016809F5006641F04B
:1088100004010160016802AD01F0040101910199B8
:1088200081694FF0010841F480518161806902241F
:1088300000F48050019001981020029030462946A3
:10884000CDE903870594F9F73FFD30461021012259
:10885000F9F74EFEA02002A991C1052648462946F7
:1088600005940696F9F730FD402002A981E8110130
:1088700048462946CDE90546F9F726FD40F69430ED
:1088800043F200044FF48001C2F20000C4F201047C
:1088900007224FF000734FF080764FF080654FF065
:1088A000804CC0E900414FF00041C0E90272C0E9CC
:1088B0000436C0E9065CC0E90877C0E90A7247637C
:1088C000C7634165FEF79AFA002818BFF7F7BAFFA9
:1088D00007B0BDE8F08300002DE9F04387B04FF00A
:1088E000000940F68C40CDF81890C4F2026001688F
:1088F00040F6000441F0010101600168C4F2022465
:1089000001F0010101910199016802AD41F00201FC
:10891000016001684FF0010801F002010191019925
:108920000168022741F004010160016801F00401BF
:1089300001910199016941F4804101610069294671
:1089400000F4804001900198202002902046CDE95B
:1089500003890597F9F7B8FC1020A4F5006602908A
:1089600030462946F9F7B0FC204620210122F9F7CC
:10897000BFFD304610210122F9F7BAFD4FF48060A7
:1089800005260290A4F580602946CDE90379059774
:108990000696F9F799FC032006902046294602978F
:1089A000F9F792FC0420029020462946CDF8108069
:1089B0000696F9F789FC40F6244043F600054FF48B
:1089C0008001C2F20000C4F2000507224FF00073DC
:1089D0004FF080774FF080664FF0C044C0E90051FF
:1089E0004FF00041C0E90292C0E90437C0E90664D3
:1089F000C0E90899C0E90A92C0F83490C0F83C90E8
:108A00004165FEF7FBF9002818BFF7F71BFF07B019
:108A1000BDE8F08380B540F6005043F600034FF404
:108A2000E131C2F200000022C4F201034FF00C0C4D
:108A3000C0E90031C0E90222C0E9042CC0E90622E5
:108A4000C0E908228262FFF71FF9002818BFF7F774
:108A5000F9FE40F60050C2F200000021FFF7CEF808
:108A6000002818BFF7F7EEFE40F60050C2F20000F3
:108A70000021FFF77DF8002818BFF7F7E3FE40F666
:108A80000050C2F20000FFF757F8002808BF80BD71
:108A9000BDE88040F7F7D6BE80B540F234600021D3
:108AA000C2F20000C4F2042101600621017102211A
:108AB00041724FF40071C1800021C0F80A10C181D9
:108AC000FAF770FB002808BF80BDBDE88040F7F7CB
:108AD000B9BE0000FEE70000FEE7000040F234608F
:108AE000C2F20000F9F768BE0000000000000000BC
:108AF000EFF309801EF0100F08BF20ED108AEFF38E
:108B00000B82734620E9FC0F114A116808604FF090
:108B1000500080F31188BFF34F8FBFF36F8F07F0C2
:108B200097FE4FF0000080F31188094A1168086829
:108B3000B0E8FC0F13F0100F08BFB0EC108A82F3FE
:108B40000B8880F30988184700BF00BF00BF00BF33
:108B5000B400002070470000704700002DE9F04F7E
:108B600083B040F2004AC4F2022A814600274FF047
:108B700080080AF580664FF4FA6B00250AE000BF12
:108B800030460421F9F7AEFC012808BF2543013720
:108B9000082F49D050464FF48061002228FA07F48C
:108BA000F9F7A6FC14EA0902304618BF0122022197
:108BB000F9F79EFCCDF804B00198411E019188B1EF
:108BC00000BF0198411E019160B100BF0198411E94
:108BD000019138B100BF0198411E019110B100BF51
:108BE000EAE700BF50464FF480610122F9F780FCAC
:108BF000CDF808B00298411E00280291C0D000BFF5
:108C00000298411E00280291BAD000BF0298411E6E
:108C100000280291B4D000BF0298411E00280291A2
:108C2000AED000BFE6E700BFE8B203B0BDE8F08F0A
:108C3000F0B583B0054680200026ADF80600002080
:108C4000C4F202260C46ADF8040030461021012281
:108C5000F9F74EFCC82702970298411E029188B18D
:108C600000BF0298411E029160B100BF0298411EF0
:108C7000029138B100BF0298411E029110B100BFAD
:108C8000EAE700BF304610210022F9F731FC0297D5
:108C90000298411E029188B100BF0298411E0291C4
:108CA00060B100BF0298411E029138B100BF029826
:108CB000411E029110B100BFEAE700BF40F6244018
:108CC0000A270DF10601C2F2000001AA0223009753
:108CD000FEF740FB0746304610210122F9F708FC59
:108CE000C82002900298411E029188B100BF0298EC
:108CF000411E029160B100BF0298411E029138B13D
:108D000000BF0298411E029110B100BFEAE700BF08
:108D1000002D1CBF9DF804002870002C1CBF9DF87E
:108D200005002070384603B0F0BD00002DE9F04783
:108D300086B0804640F624404FF0000940F6000619
:108D4000C2F20000C4F20226CDF81490FEF73CF8FF
:108D500040F68C40C4F20260016801AF41F00101AD
:108D600001600168012401F001010091009901688E
:108D7000022541F002010160016801F00201009149
:108D80000099016841F0040101600068394600F073
:108D9000040000900098202001903046CDE902495F
:108DA0000495F9F791FA1020A6F5006A0190504653
:108DB0003946F9F789FA4FF4806001A981E8110278
:108DC000A6F58064204639460495F9F77DFA3046C9
:108DD00039460195F9F778FA0420CDE901093046C2
:108DE0003946CDF80C80F9F76FFA30462021012280
:108DF000F9F77EFB504610210122F9F779FB204656
:108E00004FF480610122F9F773FB30460221002202
:108E1000F9F76EFB4FF47A64019400BF0198411E8C
:108E2000019188B100BF0198411E019160B100BF5E
:108E30000198411E019138B100BF0198411E019176
:108E400010B100BFEAE700BF504610210022F9F739
:108E50004FFB01940198411E019188B100BF019818
:108E6000411E019160B100BF0198411E019138B1CE
:108E700000BF0198411E019110B100BFEAE700BF99
:108E80008020FFF76BFE06460020FFF767FE0746CF
:108E9000504610210122F9F72BFB4FF47A60019024
:108EA0000198411E019188B100BF0198411E0191B6
:108EB00060B100BF0198411E019138B100BF019817
:108EC000411E019110B100BFEAE700BF42F6C55252
:108ED00042F6D050C0F6010242F6D951C0F6010068
:108EE000B8F1020F08BF0246C0F60101B8F1010F48
:108EF00018BF114604A032463B4608F003FCFFF7BA
:108F0000EBFC06B0BDE8F0875B514D4136313030A7
:108F10005020444941475D2042495442414E472038
:108F200070756C6C3D25732054583D5B3830203093
:108F3000305D2052583D5B25303258202530325864
:108F40005D0D0A002DE9F04F87B040F2F8300024A3
:108F50000025C2F20000C4F20224C0E900550581D8
:108F60002046102101228DF817508DF816508DF8EB
:108F700015508DF814508DF81350F9F7B9FA0A20EE
:108F8000F9F78EF94BF23660ADF818002046102143
:108F900000228DF81B508DF81A50F9F7A9FA40F607
:108FA0002440C2F2000006A902220A23FDF7E8FFCE
:108FB0000546204610210122F9F79AFAE5B9012069
:108FC000F9F76EF93620ADF818002046102100227E
:108FD0004FF0000BF9F78CFA40F62440C2F2000083
:108FE00006A902220A23FDF7CBFF054620461021E1
:108FF0000122F9F77DFA4DB10FF6640009F020F86F
:1090000000F03AFC012007B0BDE8F08F6420F9F7CA
:1090100047F940F624468DF81BB048F2114806ADDA
:109020004FF09109C2F200064FF0000A20461021CD
:109030000022ADF81880F9F75BFA30462946022283
:109040000A23FDF79DFF0746204610210122F9F76C
:109050004FFA002FD0D10220F9F722F92046102133
:1090600000228DF81890F9F743FA3046294601227C
:109070000A23FDF785FF074660B930460DF111015F
:109080000DF11B0201230A278DF811B00097FEF79E
:1090900061F90746204610210122F9F729FABAF1B1
:1090A000090FA9D8002FA7D19DF81B000AF1010ACA
:1090B0008428BBD140F63300ADF8180020461021BB
:1090C00000224FF0000AF9F713FA40F62440C2F2EA
:1090D000000006A902220A234FF00A0BFDF750FFF9
:1090E0000546204610210122F9F702FA002D7FF4EF
:1090F00083AF0520F9F7D4F840F624464FF0B308C3
:1091000006ADC2F200064FF000098DF81BA0204604
:10911000102100228DF81880F9F7EAF93046294627
:1091200001220A23FDF72CFF074660B930460DF1F6
:1091300011010DF11B0201238DF811A0CDF800B033
:10914000FEF708F90746204610210122F9F7D0F969
:10915000002F7FF451AF0520F9F7A2F8B9F1620FA3
:109160003FF64AAF9DF81B0009F1010900F0050028
:109170000528CCD140F624464FF0000A4FF0C50B2D
:1091800006AD0DF11A09C2F200064FF000088DF885
:109190001AA02046102100228DF818B0F9F7A8F97E
:1091A0003046294601220A23FDF7EAFE074658B950
:1091B00030460DF111014A4601230A278DF811A00E
:1091C0000097FEF7C7F80746204610210122F9F75D
:1091D0008FF9002F7FF410AF0220F9F761F8B8F192
:1091E000300F3FF609AF9DF81A0008F1010800F0B2
:1091F000F000C028CDD148F21100ADF8180020468B
:1092000010210022F9F774F940F62440C2F2000060
:1092100006A902220A23FDF7B3FE054620461021C7
:109220000122F9F765F9002D7FF4E6AE48F211400E
:10923000ADF81800204610210022F9F759F940F640
:109240002440C2F2000006A902220A23FDF798FE7C
:109250000546204610210122F9F74AF9002D7FF436
:10926000CBAE42F24A00ADF8180020461021002291
:10927000F9F73EF940F62440C2F2000006A90222A6
:109280000A23FDF77DFE0546204610210122F9F74D
:109290002FF9002D7FF4B0AE4FF4AB70ADF818008D
:1092A000204610210022F9F723F940F62440C2F2AB
:1092B000000006A902220A23FDF762FE05462046A9
:1092C00010210122F9F714F9002D7FF495AE48F230
:1092D0005F00ADF81800204610210022F9F708F9C8
:1092E00040F62440C2F2000006A902220A23FDF73C
:1092F00047FE0546204610210122F9F7F9F8002D16
:109300007FF47AAE0220F8F7CBFF5F20ADF81800AB
:10931000204610210022F9F7EBF840F62440C2F273
:10932000000006A902220A23FDF72AFE0546204670
:1093300010210122F9F7DCF8002D7FF45DAE0A2040
:10934000F8F7AEFF40F2F8314FF40060C2F20001CE
:10935000488040F20F20ADF818002046102100226E
:109360001026F9F7C5F840F62440C2F2000006A91D
:1093700002220A23FDF704FE0546204610210122A1
:10938000F9F7B6F8002D7FF437AE20461021002201
:10939000ADF81860F9F7ACF840F62440C2F20000CE
:1093A00006A902220A23FDF7EBFD054620461021FF
:1093B0000122F9F79DF8002D7FF41EAE48F211400E
:1093C000ADF818002046102100220026F9F790F889
:1093D00040F62440C2F2000006A902220A230A270E
:1093E000FDF7CEFD0546204610210122F9F780F851
:1093F000002D7FF401AE4FF080082046102100229E
:109400008DF81760ADF81880ADF81160F9F770F8B5
:1094100040F6244006A9C2F200000DF11102022319
:109420000097FDF797FF0546204610210122F9F726
:109430005FF89DF81270002D08BF8DF817709DF829
:1094400019009DF811109DF81830CDE9000142F681
:10945000E530C0F6010001212A46029708F052F9D2
:1094600000262046102100228DF817608DF81B8001
:10947000F9F73EF840F62440C2F200000DF11B015E
:1094800001220A230A27FDF77BFD054670B940F645
:1094900024400DF11A01C2F200000DF11702012360
:1094A0008DF81A600097FDF755FF054620461021FC
:1094B0000122F9F71DF86DB99DF817000921B1EBEC
:1094C000101F40F2F8314FEA1010C2F2000108708C
:1094D00000F0E6800120F8F7E3FE00264FF0800858
:1094E0002046102100228DF81760ADF81880ADF8E5
:1094F0001160F8F7FDFF40F624400A2706A9C2F2E2
:1095000000000DF1110202230097FDF723FF05462D
:10951000204610210122F8F7EBFF9DF81270002D74
:1095200008BF8DF817709DF819009DF811109DF86F
:109530001830CDE9000142F6E530C0F60100022105
:109540002A46029708F0DEF82046102100228DF806
:1095500017608DF81B80F8F7CBFF40F62440C2F26D
:1095600000000DF11B0101220A230A26FDF708FD68
:10957000054678B900208DF81A0040F624400DF118
:109580001A01C2F200000DF1170201230096FDF747
:10959000E1FE0546204610210122F8F7A9FF65B932
:1095A0009DF817000921B1EB101F40F2F8314FEA86
:1095B0001010C2F20001087072D00120F8F770FE9E
:1095C00000264FF080082046102100228DF81760F9
:1095D000ADF81880ADF81160F8F78AFF40F6244026
:1095E0000A2706A9C2F200000DF11102022300971A
:1095F000FDF7B0FE0546204610210122F8F778FF5E
:109600009DF81270002D08BF8DF817709DF8190095
:109610009DF811109DF81830CDE9000142F6E530B3
:10962000C0F6010003212A46029708F06BF8204695
:10963000102100228DF817608DF81B80F8F758FF75
:1096400040F62440C2F200000DF11B0101220A2362
:109650000A26FDF795FC054678B900208DF81A001A
:1096600040F624400DF11A01C2F200000DF117027C
:1096700001230096FDF76EFE0546204610210122CB
:10968000F8F736FFB5B99DF817000921B1EB101FA7
:1096900040F2F8314FEA1010C2F20001087009D10F
:1096A00042F64E40C0F6010008F0CAFC002007B0A8
:1096B000BDE8F08F0120F8F7F3FDC5208DF8180004
:1096C0002046102100220027F8F712FF40F6244020
:1096D000C2F2000006A901220A230A26FDF750FC67
:1096E000054670B940F624400DF11101C2F20000A8
:1096F0000DF1160201238DF811700096FDF72AFE78
:109700000546204610210122F8F7F2FE002D7DD1FA
:109710008F208DF818002046102100220027F8F72E
:10972000E7FE40F62440C2F2000006A901220A2307
:109730000A26FDF725FC054670B940F624400DF1D8
:109740001101C2F200000DF1150201238DF8117014
:109750000096FDF7FFFD0546204610210122F8F78F
:10976000C7FE002D52D190208DF818002046102100
:1097700000220027F8F7BCFE40F62440C2F20000A9
:1097800006A901220A230A26FDF7FAFB054668B955
:1097900040F624400DF11101C2F2000005AA012398
:1097A0008DF811700096FDF7D5FD05462046102175
:1097B0000122F8F79DFE4DBB91208DF81800204640
:1097C000102100220027F8F793FE40F62440C2F251
:1097D000000006A901220A230A26FDF7D1FB05464F
:1097E00070B940F624400DF11101C2F200000DF1F4
:1097F000130201238DF811700096FDF7ABFD0546AD
:10980000204610210122F8F773FE7DB19DF8171054
:1098100042F6CD200A09C0F60100092307F072FFC5
:1098200000F02AF8012007B0BDE8F08F9DF816007F
:1098300000F0F000C028E9D19DF815000228E5D11C
:109840009DF814000028E1D19DF813008428DDD193
:1098500040F2F8310920C2F20001087020E700BF91
:109860005B514D4136313030505D20696E69742056
:109870006661696C65640D002DE9F04F8BB042F6AE
:1098800062500025C0F60100C4F2022508F0D8FBA2
:1098900042F62950C0F6010008F0D2FB28461021FC
:1098A000F8F720FE01460FF2786007F02BFF8020CA
:1098B000ADF818000026284610210022ADF81660E9
:1098C000F8F716FE40F6244B0A200DF11809C2F2F3
:1098D000000B0DF1160A00905846494652460223E5
:1098E000FDF738FD0446284610210122F8F700FE56
:1098F0009DF818009DF8191042F69D389DF8162025
:109900009DF817708DE80700C0F6010842F69F51D8
:10991000C0F60101404600222346039707F0F2FEFD
:109920008F20ADF81800284610210022ADF81660EF
:10993000F8F7DEFD58464946524602230A270097AB
:10994000FDF708FD0446284610210122F8F7D0FD56
:109950009DF818009DF819109DF816209DF81770B5
:109960008DE8070042F6B451C0F6010140460F22CF
:109970002346C246039707F0C5FE9020ADF81800B5
:10998000284610210022ADF81660F8F7B1FD5846C0
:1099900049460DF1160202230A27C8469146009750
:1099A000FDF7D8FC0446284610210122F8F7A0FD57
:1099B0009DF818009DF819109DF816209DF8177055
:1099C0008DE8070042F6E051C0F601015046102232
:1099D0002346039707F096FE9120ADF8180028461D
:1099E00010210022ADF81660F8F782FD5846414676
:1099F0004A4602230A270097FDF7ACFC0446284696
:109A000010210122F8F774FD9DF818009DF8191037
:109A10009DF816209DF817708DE8070042F6A751B3
:109A2000C0F60101504611222346039707F06AFE53
:109A3000B320ADF81800284610210022ADF81660BA
:109A4000F8F756FD584641464A4602230A27009732
:109A5000FDF780FC0446284610210122F8F748FD56
:109A60009DF818009DF819109DF816209DF81770A4
:109A70008DE8070042F6CC51C0F601015046332272
:109A80002346039707F03EFEC520ADF81800284690
:109A900010210022ADF81660F8F72AFD584641461D
:109AA0004A4602230A270097FDF754FC044628463D
:109AB00010210122F8F71CFD9DF818009DF81910DF
:109AC0009DF816209DF817708DE8070042F6BA51F0
:109AD000C0F60101504645222346039707F012FEC7
:109AE0000FF2604008F0ACFA042006900221012039
:109AF000CDE90801052005F5006907910A9006A93E
:109B000048464FF0040AF8F7DFFB0120F8F7C8FBDE
:109B10000DF1180B0DF11608584641468DF81860E6
:109B20008DF81660FFF784F89DF8181042F6583447
:109B300042F6D9559DF81670C0F60104C0F601052D
:109B400003460091204629460122019707F0DAFDDD
:109B50000220F8F7A5FB584641468DF818608DF8AD
:109B60001660FFF765F89DF818109DF8167003460B
:109B70000091204629460222019707F0C3FD0220EA
:109B8000F8F78EFB584641468DF818608DF8166040
:109B9000FFF74EF89DF818109DF8167003460091D7
:109BA000204629460322019707F0ACFD0220F8F772
:109BB00077FB0220CDF818A0CDE9070009904FF0FF
:109BC000050A484606A9CDF828A0F8F77DFB012034
:109BD000F8F766FB584641468DF818608DF8166018
:109BE000FFF726F89DF8181042F6D0559DF816702C
:109BF000C0F601050346009120462946012201973F
:109C000007F080FD0220F8F74BFB584641468DF8DF
:109C100018608DF81660FFF70BF89DF818109DF886
:109C2000167003460091204629460222019707F04C
:109C300069FD0220F8F734FB584641468DF818605C
:109C40008DF81660FEF7F4FF9DF818109DF8167059
:109C500003460091204629460322019707F052FD52
:109C60000220F8F71DFB042006900220CDE907062C
:109C7000CDE9090A484606A94FF0050AF8F724FB82
:109C80000120F8F70DFB584641468DF818608DF815
:109C90001660FEF7CDFF9DF8181042F6C5559DF8E9
:109CA0001670C0F6010503460091204629460122A0
:109CB000019707F027FD0220F8F7F2FA58464146CF
:109CC0008DF818608DF81660FEF7B2FF9DF8181039
:109CD0009DF81670034600912046294602220197FE
:109CE00007F010FD0220F8F7DBFA584641468DF8E0
:109CF00018608DF81660FEF79BFF9DF818109DF810
:109D0000167003460091204640F62444294603225B
:109D1000C2F20004019707F0F5FC0220F8F7C0FA40
:109D200092A008F08DF9042006900221012008AAD3
:109D3000079182E8030406A94846F8F7C5FA2046C9
:109D40008DF818608DF81660FDF73EF80246012880
:109D50000FD82046C4E90466FDF750F8024640B922
:109D60000120F8F79DFA06A80DF11601FEF760FF35
:109D700002469DF818309DF8167042F61A3042F6E9
:109D80008751C0F60100C0F60101009707F0BAFC48
:109D90000220F8F785FA40F62444C2F20004204677
:109DA0008DF818608DF81660FDF70EF80246012850
:109DB00012D800204FF08071C4E904012046FDF75D
:109DC0001DF8024640B90120F8F76AFA06A80DF11D
:109DD0001601FEF72DFF02469DF818309DF816700B
:109DE00042F61A3042F68D51C0F60100C0F601016C
:109DF000009707F087FC0220F8F752FA40F6244457
:109E0000C2F20004002620468DF818608DF8166016
:109E1000FCF7DAFF0246012811D84FF00070C4E9C0
:109E200004062046FCF7EAFF024640B90120F8F795
:109E300037FA06A80DF11601FEF7FAFE02469DF864
:109E400018309DF8167042F61A3042F69351C0F65B
:109E50000100C0F60101009707F054FC0220022522
:109E6000F8F71EFA40F62444C2F2000420468DF8AA
:109E700018608DF81660FCF7A7FF0246012813D87A
:109E80004FF000704FF08071C4E904012046FCF7E8
:109E9000B5FF024640B90120F8F702FA06A80DF115
:109EA0001601FEF7C5FE02469DF818309DF81670A3
:109EB00042F61A3042F69951C0F60100C0F601018F
:109EC000009707F01FFC0220F8F7EAF9FEF704FDFF
:109ED0000020FEF72BFF0220FEF728FF0420CDE92B
:109EE00006050120CDE9080505200A9006A9484687
:109EF000F8F7EAF942F67040C0F6010008F0A0F861
:109F000042F6D440C0F6010008F09AF842F62B4021
:109F1000C0F6010008F094F80BB0BDE8F08F00BF68
:109F20005B514D41363130305020444941475D202E
:109F300043532069646C65206C6576656C3D2575BE
:109F40000D0A00005B514D413631303050204449FC
:109F500041475D2048572D53504920434849505FA1
:109F600049442073776565700D0000005B514D41D9
:109F7000363130305020444941475D2048572D53F9
:109F80005049206D6F64652073776565700D000022
:109F900010B5002804BF012010BD044600F03AF8B7
:109FA00000284FF0010032D140F2F831C2F2000136
:109FB0004988002908BF10BDB4F9000002EE101A4C
:109FC00000EE100AB4F90200B4F9041003EE100A0E
:109FD00004EE101AB8EEC00A9FED0D1AB8EEC33A9F
:109FE000B8EEC44A20EE010AB8EE422A23EE013A46
:109FF00024EE011A80EE020A83EE023A81EE021A82
:10A00000002084ED020A84ED033A84ED041A10BDA9
:10A0100000007A442DE9F04F89B000260028ADF801
:10A020002060079600F08A8007A90490481C0690DB
:10A03000881C0590C81C0390081D40F2000A40F6D9
:10A0400024490290481D4FF0010881240DF1230797
:10A05000C4F2022AC2F20009019000BF504610214A
:10A0600000228DF82340F8F743FA4846394601228A
:10A070000A23FCF785FF834600284DD148460DF1A1
:10A08000220107AA01230A258DF822600095FDF719
:10A0900061F9834600283FD1069A48460DF1220116
:10A0A00001230A258DF822600095FDF753F98346B8
:10A0B00090BB059A48460DF1220101230A258DF82F
:10A0C00022600095FDF746F9834628BB039A48466F
:10A0D0000DF1220101230A258DF822600095FDF77C
:10A0E00039F98346C0B9029A48460DF1220101238D
:10A0F0000A258DF822600095FDF72CF9834658B9A2
:10A10000019A48460DF1220101230A258DF82260AB
:10A110000095FDF71FF98346504610210122F8F7FC
:10A12000E7F9BBF1000F0DD05FEAC87006D002203E
:10A13000F8F7B6F84FF0000890E700BF012009B02B
:10A14000BDE8F08FBDF91E10BDF92020049B8908E1
:10A15000BDF91C0059809108998040F2F8318010B7
:10A16000C2F20001188088805888C88098880881C9
:10A17000002009B0BDE8F08F70B540F62C46C4F25F
:10A18000026656F82C1C044621F0806046F82C0C20
:10A19000F8F7B4F9054600BF56F82C0C000107D5B6
:10A1A000F8F7ACF9401B022884BF032070BDF3E729
:10A1B000306840F60371884394E80E106FF0FF0595
:10A1C00005EB022208431043306030690021C8F2D9
:10A1D000800100EA010E591E4FF47E42236902EB12
:10A1E0004C224FF4FE0505EB034365696FF35F21D5
:10A1F00092B24FF0FE4000EB0560714403F4FE03A1
:10A20000114400F0FE401944084430613068A169EF
:10A2100020F00C0008433060206A31680843306049
:10A2200030684FF6F87120F0100030607069E26914
:10A23000884340EAC2007061306840F0100030602E
:10A2400056F82C0C40F0806046F82C0CF8F756F9C4
:10A25000044600BF56F82C0C000144BF002070BD1E
:10A26000F8F74CF9001B032824BF032070BDF1E769
:10A2700070B540F63046C4F2026656F8301C04460B
:10A2800021F0805046F8300CF8F738F9054600BF49
:10A2900056F8300C800007D5F8F730F9401B02283B
:10A2A00084BF032070BDF3E7306840F60371884334
:10A2B00094E80E106FF0FF0505EB022208431043EF
:10A2C000306070690021C8F2800100EA010E591E59
:10A2D0004FF47E42236902EB4C224FF4FE0505EB5E
:10A2E000034365696FF35F2192B24FF0FE4000EBCC
:10A2F0000560714403F4FE03114400F0FE4019446C
:10A30000084470613068A16920F00C000843306097
:10A31000206A31680843306030684FF6F87120F0E9
:10A3200010003060B069E269884340EAC200B06161
:10A33000306840F01000306056F8300C40F080502B
:10A3400046F8300CF8F7DAF8044600BF56F8300C3F
:10A35000800044BF002070BDF8F7D0F8001B032830
:10A3600024BF032070BDF1E740F61830C2F20000B0
:10A37000FBF778BF80B540F60000C4F202204FF42E
:10A380000051F8F7AFF8B0FA80F0400980BD000046
:10A390008160C1684EF2C002CFF6FE72114041F2F8
:10A3A000371241EA0203372141F28832C36000F0DC
:10A3B000E9BA00008160C1684EF2C002CFF6FE72B9
:10A3C000114041F229121143C16040F21401C2F25E
:10A3D0000001096844F6D352C1F26202A1FB0212E5
:10A3E000510A6FF0030241F2883301FB132100BFD1
:10A3F000043102BF4FF0004108467047426B12F033
:10A40000450F02D012F4005214D0426B12F0450FE7
:10A4100002D012F400520DD0426B12F0450F02D060
:10A4200012F4005206D0426B12F0450FE0D012F445
:10A430000052DDD1416B042211F0040104BFC5229A
:10A44000C0F2200282630846704700008160C16844
:10A450004EF2C002CFF6FE72114041F2101241EAF4
:10A460000203102141F28832C36000F08BBA000071
:10A470008160C1684EF2C002CFF6FE72114041F217
:10A48000061241EA0203062141F28832C36000F05D
:10A4900079BA000000218160C1684EF2C002CFF697
:10A4A000FE72114001F58051C16040F21401C2F208
:10A4B0000001096844F6D352C1F26202A1FB021204
:10A4C000510A6FF0030241F2883301FB132104317A
:10A4D00004BF4FF000407047426B120609D4426B34
:10A4E00012065CBF426B5FEA026202D4426B120644
:10A4F000EDD5C521C0F22001816300207047000026
:10A500004FF4D5718160C1684EF2C002CFF6FE7281
:10A51000114041F208121143C16040F21401C2F22D
:10A520000001096844F6D352C1F26202A1FB021293
:10A53000510A6FF0030241F2883301FB132100BF7F
:10A54000043102BF4FF0004108467047426B12F0E1
:10A55000450F02D012F4005214D0426B12F0450F96
:10A5600002D012F400520DD0426B12F0450F02D00F
:10A5700012F4005206D0426B12F0450FE0D012F4F4
:10A580000052DDD1416B49070AD4416BC9070BD199
:10A59000416B490644BF4021816300210846704752
:10A5A0000421816308467047012181630846704792
:10A5B0008160C1684EF2C002CFF6FE72114041F2D6
:10A5C000121241EA0203122141F28832C36000F004
:10A5D000D9B900008160C1684EF2C002CFF6FE72A8
:10A5E000114041F2111241EA0203112141F2883275
:10A5F000C36000F0C7B900008160C1684EF2C002BC
:10A60000CFF6FE72114041F2071241EA0203072120
:10A6100041F28832C36000F0B5B9000000218160CA
:10A62000C1684EF2C002CFF6FE72114041F2023212
:10A630001143C16040F21401C2F20001096844F6FE
:10A64000D352C1F26202A1FB0212510A6FF003025F
:10A6500041F2883301FB1321043102BF4FF0004166
:10A6600008467047426B12F0450F02D012F40052B8
:10A6700014D0426B12F0450F02D012F400520DD0EC
:10A68000426B12F0450F02D012F4005206D0426B1A
:10A6900012F0450FE0D012F40052DDD1416B4907B2
:10A6A0000AD4416BC9070BD1C521C0F220018163D7
:10A6B00000210846704700BF0421816308467047A7
:10A6C00001218163084670478160C1684EF2C00273
:10A6D000CFF6FE72114041F209321143C16040F2DF
:10A6E0001401C2F20001096844F6D352C1F26202B9
:10A6F000A1FB0212510A6FF0030241F2883301FB01
:10A70000132100BF043102BF4FF0004108467047DB
:10A71000426B12F0450F02D012F4005214D0426B7B
:10A7200012F0450F02D012F400520DD0426B12F01D
:10A73000450F02D012F4005206D0426B12F0450FC2
:10A74000E0D012F40052DDD1416B49070AD4416BCD
:10A75000C9070BD1C521C0F2200181630021084641
:10A76000704700BF0421816308467047012181635F
:10A770000846704700218160C1684EF2C002CFF6E2
:10A78000FE72114041F2331241EA0203332141F2D9
:10A790008832C36000F0F6B88160C1684EF2C00232
:10A7A000CFF6FE72114041F20D1241EA02030D2173
:10A7B00041F28832C36000F0E5B8000000228260F8
:10A7C000C2684EF2C003CFF6FE731A4041F2031383
:10A7D0001A43C26040F21402C2F20002126844F648
:10A7E000D353C1F26203A2FB03235A0A6FF0030C96
:10A7F00041F2883302FB13C2043202BF4FF0004122
:10A8000008467047436B13F0450F02D013F4005312
:10A8100014D0436B13F0450F02D013F400530DD046
:10A82000436B13F0450F02D013F4005306D0436B73
:10A8300013F0450FE0D013F40053DDD1426B520703
:10A8400020D4426BD20721D10269D2B2032A1EBFA3
:10A85000012108467047C522C0F220028263406988
:10A8600010F4604F16D0410442BF4FF40051084627
:10A87000704700044FF4805158BF4FF480310846B0
:10A88000704700BF0421816308467047012181633E
:10A8900008467047000C08800021084670470000F9
:10A8A00000218160C1684EF2C002CFF6FE721140F5
:10A8B00041F20D1241EA02030D2141F28832C360D8
:10A8C00000F060B810B50446C0684EF2C00140F018
:10A8D0008000E060E068CFF6FE7120F04000E060AC
:10A8E0000020A060E0684EF20012084041F20C1116
:10A8F0000843E0602046C0F2F5520C2100F042F817
:10A90000E168B0F1007208BF104621F08001E160FB
:10A9100010BD00008160C1684EF2C002CFF6FE7229
:10A92000114041F2191241EA0203192141F2883221
:10A93000C36000F027B800008160C1684EF2C00219
:10A94000CFF6FE72114041F2181241EA02031821BB
:10A9500041F28832C36000F015B8000080B50246AD
:10A9600091E809505062936208694EEA0C0318435B
:10A970004969D36A084323F0FF0101430020D162F3
:10A9800080BD000040F21403C2F20003D3F800C0FF
:10A9900044F6D353C1F26203ACFB033C4FEA5C23A1
:10A9A00003FB02F340F2450C0246C0F2200C00BF4C
:10A9B000002B04BF4FF000407047506B10EA0C0FA3
:10A9C00002D010F400501ED0012B00F09580506B87
:10A9D00010EA0C0F02D010F4005014D0022B00F03B
:10A9E0008B80506B10EA0C0F02D010F400500AD08C
:10A9F000043B581C00F08080506B10EA0C0FD7D03D
:10AA000010F40050D4D1506B400742BF0420906333
:10AA10007047506BC0071EBF0120906370470CF158
:10AA2000800090631069C0B288421CBF012070474B
:10AA300050694EF20801CFF6FF51084204BF0020D2
:10AA40007047002844BF4FF000707047410044BF7A
:10AA500040207047810044BF80207047C10044BF40
:10AA60004FF480707047010144BF4FF4007070478D
:10AA7000410144BF4FF480607047C10144BF4FF4AF
:10AA800000607047010244BF4FF48050704741029C
:10AA900044BF4FF400507047810244BF4FF48040E0
:10AAA0007047C10244BF4FF400407047410344BFA8
:10AAB0004FF400307047810344BF4FF4802070474B
:10AAC000C10344BF4FF400207047010444BF4FF45A
:10AAD00080107047410444BF4FF400107047810458
:10AAE00044BF4FF48000704700074FF4000058BF88
:10AAF0004FF48030704700BF4FF0004070470000B7
:10AB0000006800F003007047084440697047000087
:10AB100080B58446DDE9020E114319430843DCF891
:10AB2000041042F60042CFF6C07240EA0E00114017
:10AB300001430020CCF8041080BD000001460068ED
:10AB400040F0030200200A6070470000D0F8800047
:10AB500070470000096802460020C2F88010704764
:10AB60002DE9F04786B00C460546F7F7C7FC296883
:10AB7000064608460821FFF769FC18B106B0BDE893
:10AB8000F08700BF696C28680904FFF701FC002802
:10AB9000F4D14FF0FF300090082001903020029057
:10ABA0000220039000200490012128680591694645
:10ABB000FFF7D4FE2868FFF7DDFD0028DED100276F
:10ABC00040F22A5A4FF000084FF0000907E000BF9A
:10ABD000F7F794FC801B01304FF00040CED029687D
:10ABE0004A6B486B12EA0A0F0ED100F4002038437A
:10ABF000EED10846FFF7AAFF296880460846FFF70E
:10AC0000A5FF81460127E3E7000715D4486B8007BD
:10AC100014D4486B800613D440F63A70C1F6000095
:10AC2000886399FA89F098FA88F1C4E90001002054
:10AC300006B0BDE8F08700BF082002E0022000E077
:10AC40002020886306B0BDE8F087000080B50028AA
:10AC50001CBF012080BDFFF78DFB002804BF03202F
:10AC600080BD40F61830C2F20000FBF7F7F9043857
:10AC700018BF012080BD0000B0B58AB010B104201B
:10AC80000AB0B0BD14460D46FFF774FBD0B140F6D4
:10AC90001830C2F20000FBF7E1F9042812D1032DAD
:10ACA00014D80020DFE805F01302161C0CB340F6A0
:10ACB0001830C2F2000001A9FBF7BEF9C8B9079825
:10ACC000206022E003200AB0B0BD00BF04200AB01B
:10ACD000B0BD00BF002CD2D04FF40070208014E033
:10ACE0003CB140F61830C2F2000001A9FBF7A4F90C
:10ACF00010B101200AB0B0BD0898410A002808BF71
:10AD00000121002908BF0121216000200AB0B0BD47
:10AD100070B582B000284FF004002BD10E4649B325
:10AD20001C463BB31546FFF725FB28B340F6183009
:10AD3000C2F20000FBF792F904281DD140F618304A
:10AD40004FF0FF3CC2F2000031462A462346CDF8C0
:10AD500000C0FBF70BFE00281EBF012002B070BD33
:10AD600040F61834C2F200042046FBF777F90428B5
:10AD7000FAD1002002B070BD032002B070BD000007
:10AD800080B500281CBF012080BDFFF7F3FA002822
:10AD900004BF032080BD40F61830C2F20000FBF76C
:10ADA0005DF9043818BF012080BD000070B582B085
:10ADB00000284FF004002BD10E4649B31C463BB38C
:10ADC0001546FFF7D7FA28B340F61830C2F2000054
:10ADD000FBF744F904281DD140F618304FF0FF3C32
:10ADE000C2F2000031462A462346CDF800C0FBF7E8
:10ADF000C9FE00281EBF012002B070BD40F6183405
:10AE0000C2F200042046FBF729F90428FAD10020F9
:10AE100002B070BD032002B070BD0000016840F2B6
:10AE20006F32D1F814C08B6943F008038B618B69D2
:10AE300043F010038B610B6823F001030B600B6977
:10AE400023EA02020A618A6822F440428A6090F88A
:10AE500089305FEA8C620BD5042B09D0D0F88C20A6
:10AE600042F08002C0F88C208A6942F020028A6198
:10AE700090F889305FEA4C620BD5032B09D0D0F8EB
:10AE80008C2042F00402C0F88C208A6942F0400213
:10AE90008A615FEA8C5209D45FEACC5213D4002154
:10AEA000A0F86A10A0F87210704700BFD0F88C208C
:10AEB00042F00102C0F88C208A6942F400728A6173
:10AEC0005FEACC52EBD5D0F88C2042F00802C0F8F3
:10AED0008C208A6942F480728A610021A0F86A108D
:10AEE000A0F8721070470000000000000000000091
:10AEF0001EF0040F0CBFEFF30880EFF30980044944
:10AF0000084700BF00BF00BF00BF00BF00BF00BFB9
:10AF100035010108F0B585B040F22006C2F2000606
:10AF200070684FF0FF3103F02DFFF6F7F7FB716803
:10AF30000446084603F0B2FF44B11BA007F080F8B6
:10AF4000002005B0BDE8F04004F046B801AC012790
:10AF500004E000BF4FF4FA7003F080FE70684FF019
:10AF6000FF3103F00FFF2046F7F7D8F87168054668
:10AF7000084603F093FF002DECD130680028E9D09B
:10AF80004FF0FF3103F0FEFE01AB0FCB06F1440C96
:10AF90008CE80F0086F83C7003F080FE3168306466
:10AFA000084603F07BFFD5E75B48334C495331300B
:10AFB00030444C5D20696E6974206661696C65641B
:10AFC0002C207461736B20657869740D000000009B
:10AFD00096B02EA04FF4FA7106F094FB4CF6CD4AD1
:10AFE00040F220060024CCF6CC4AEB46C2F2000622
:10AFF0000FF2C00911E000BF07460FF2DC08384627
:10B00000F5F7BEFE014640463A4606F07BFBF5F7F3
:10B0100083FE4FF47A7003F021FEF5F73DFD58B141
:10B02000C7B23846F5F7ACFE01464846ECE700BF2C
:10B030004FF4FA7003F012FE30680134A4FB0A15D5
:10B0400060B14FF0FF3103F09DFE06F11801584644
:10B050005822F5F740F9306803F020FF03F01EFE98
:10B06000014658462246F5F7F3FB0028C4D1A8084C
:10B0700000EB8000A042DBD1F5F772FE0028D7D0AC
:10B0800042F2BE680746C0F60108B8E75B4C6F673E
:10B090006765725D207461736B207374617274658F
:10B0A000642C20706572696F643D256C75206D732A
:10B0B0000D0A00005B4C6F676765725D20737461F9
:10B0C0007274206661696C65643A202573202825B6
:10B0D00064290D0A000000005B4C6F676765725DB4
:10B0E00020617070656E64206661696C65643A20E9
:10B0F000257320282564290D0A0000002DE9F04F52
:10B1000089B0FDF721F848B122A006F099FF002090
:10B1100009B0BDE8F04F03F05FBF00BF40F2200769
:10B120004FF0000A0DF1070B0DF10809C2F20007FC
:10B130004FF0010804E000BF4FF4FA7003F08EFDF9
:10B1400058468DF807A0FDF73FFA0028F4D19DF886
:10B150000700C007F0D04846FDF70CF90028EBD1F6
:10B1600038680028E8D04FF0FF3103F00BFE02AE44
:10B170006FCE089C07F1200C8CE86F00BC6387F849
:10B18000188003F08BFD3968F861084603F086FEED
:10B19000D2E700BF5B4C534D3644534F585D206996
:10B1A0006E6974206661696C65642C207461736BD0
:10B1B00020657869740D0000F0B585B040F2200676
:10B1C000C2F2000670684FF0FF3103F0DBFDFDF7BF
:10B1D000B9FE71680446084603F060FE44B11BA046
:10B1E00006F02EFF002005B0BDE8F04003F0F4BEED
:10B1F0006C46012704E000BF4FF4FA7003F02EFD07
:10B2000070684FF0FF3103F0BDFD2046FEF7C0FE31
:10B2100071680546084603F041FE002DECD1306808
:10B220000028E9D04FF0FF3103F0ACFD9DE82F007E
:10B2300006F15C0C8CE82F0086F8547003F02EFDAC
:10B240003168B065084603F029FED5E75B514D41F2
:10B2500036313030505D20696E6974206661696CEA
:10B2600065642C207461736B20657869740D00002F
:10B2700080B54EF21000CEF20000006805F05AFFD3
:10B28000012808BF80BDBDE8804005F06DBB00000F
:10B290004EF6885CCEF2000CDCF80010012241F47E
:10B2A0007001CCF8001040F60041C4F202610A605F
:10B2B0000022CA610A624A620B684FF6FF70CEF63E
:10B2C000F620184008608A62086820F48020086030
:10B2D0004FF000600A654CF8800C704740F6B440AF
:10B2E000C2F20000FCF710BB10B50268B0F1A04F2D
:10B2F00016DA40F6FF33C4F20003984226DCB0F1C0
:10B30000804F49D040F20043C4F20003984243D03A
:10B3100040F60003C4F2000398423DD040E000BF75
:10B3200040F6FF33C5F20003984223DCB0F1A04F92
:10B3300032D040F20043C5F2000398422CD040F6D0
:10B340000003C5F20003984226D029E040F60043EE
:10B35000C4F2000398421FD042F60043C4F2010336
:10B36000984219D043F20043C4F20103984213D02B
:10B3700016E000BF40F60043C5F2000398420BD030
:10B3800043F20043C5F20103984205D042F6004360
:10B39000C5F20103984203D14B6822F070021A43B0
:10B3A00042F6FF3CB0F1A04FC5F2010C1CDA42F6A8
:10B3B000FF33C4F2010398422EDD43F6FF73C4F25B
:10B3C0000103984242DD44F20003C4F201039842B3
:10B3D0006CD044F20043C4F20103984266D044F6B4
:10B3E0000003C4F201035FE0604523DD43F6FF7311
:10B3F000C5F20103984235DD44F20003C5F20103B2
:10B40000984253D044F60003C5F2010398424DD050
:10B4100044F200432EE000BF40F2FF73C4F2000389
:10B4200098422BDCB0F1804F40D040F20043C4F290
:10B43000000339E040F2FF73C5F20003984229DCB3
:10B44000B0F1A04F32D040F200432BE042F600436F
:10B45000C4F20103984229D043F20043C4F201032D
:10B4600022E000BF42F60043C5F2010398421DD01E
:10B4700043F20043C5F2010316E000BF40F60003AB
:10B48000C4F20003984211D040F60043C4F2000316
:10B490000AE000BF40F60003C5F20003984205D061
:10B4A00040F60043C5F20003984203D1CB6822F472
:10B4B00040721A434B6922F08002D1F800E08C6898
:10B4C0001A4360450260C462C0F828E016DC43F607
:10B4D000FF72C4F20102904226DD44F20002C4F27F
:10B4E0000102904238D044F20042C4F2010290427C
:10B4F00032D044F60002C4F201022BE043F6FF72A0
:10B50000C5F2010290421BDD44F20002C5F20102C5
:10B51000904221D044F60002C5F2010290421BD0B5
:10B5200044F2004214E000BF42F60042C4F20102BD
:10B53000904211D043F20042C4F201020AE000BF7F
:10B5400042F60042C5F20102904205D043F20042A9
:10B55000C5F20102904201D10969016301214161F3
:10B5600010BD000080B5816ACA070DD18A0716D4C4
:10B570004A071FD40A0728D4CA0631D48A063AD407
:10B580004A0658D542E000BF0268D0F82CC0536884
:10B5900023F4003343EA0C0353608A07E8D50268BA
:10B5A000D0F830C0536823F4803343EA0C0353606F
:10B5B0004A07DFD50268D0F834C0536823F48023EB
:10B5C00043EA0C0353600A07D6D50268D0F838C0A6
:10B5D000536823F4004343EA0C035360CA06CDD5F5
:10B5E0000268D0F83CC0936823F4805343EA0C030C
:10B5F00093608A06C4D50268D0F840C0936823F4EB
:10B60000005343EA0C0393604A0614D50268D0F84D
:10B6100044C05368BCF5801F23F4801343EA0C0335
:10B62000536008D1D2F804C0D0F848E02CF4C0032D
:10B6300043EA0E035360090658BF80BD0168C06C21
:10B640004A6822F400221043486080BDB0B582B041
:10B6500004460020C4F89000F6F750FF2168054624
:10B660000A68120737D56FF07E4C20464FF4001160
:10B6700000222B46CDF800C000F0AEF950B300BF59
:10B68000206850E8000F216820F0800041E80002A7
:10B69000DAB1206850E8000F216820F0800041E80E
:10B6A000000292B1206850E8000F216820F080006D
:10B6B00041E800024AB1206850E8000F216820F0FC
:10B6C000800041E80002002ADAD12020C4F8880076
:10B6D00060E000BF21680868400761D56FF07E4CCC
:10B6E00020464FF4800100222B46CDF800C000F028
:10B6F00073F9002854D000BF206850E8000F21687B
:10B7000020F4907041E80002BAB3206850E8000FBE
:10B71000216820F4907041E8000272B3206850E87C
:10B72000000F216820F4907041E800022AB32068DD
:10B7300050E8000F216820F4907041E80002002AD0
:10B74000DAD11AE0206850E8020F216820F00100E9
:10B7500041E80202DAB1206850E8020F216820F0C7
:10B76000010041E8020292B1206850E8020F21680E
:10B7700020F0010041E802024AB1206850E8020FBF
:10B78000216820F0010041E80202002ADAD12020DD
:10B79000C4F88C000320002184F8841002B0B0BDEE
:10B7A0002020C4F88800C4F88C000020E0662067E0
:10B7B000002184F8841002B0B0BD000070B50446CA
:10B7C00004F108052ECD006819432943E669036892
:10B7D00046F6F315CCF6FF7531432B401943016053
:10B7E000416840F0805321F440511143416042F2DE
:10B7F0000041A269C5F200618B421CBF236A1A4353
:10B8000083684FF2FF45C1F2FF152B401A43826057
:10B81000C26A636A22F00F021A4344F6FF73C4F24D
:10B8200000039842C2621BDD42F2FF32C4F20062A2
:10B8300090422FDC45F20001C4F20001884233D06F
:10B8400043F60001C4F20101884240F08D800120DE
:10B850000021F8F773F9B6F5004F3CD18BE000BF3B
:10B8600044F20041C4F20001884225D044F60001B0
:10B87000C4F20001884227D044F60041C4F200011E
:10B88000884271D108200021F8F758F9B6F5004F29
:10B8900021D170E042F20042C4F20062904235D001
:10B8A000884261D1002032E010200021F8F746F9EB
:10B8B000B6F5004F0FD15EE002200021F8F73EF907
:10B8C000B6F5004F07D156E004200021F8F736F90D
:10B8D000B6F5004F4FD0B8B1616A42F2B032C0F64F
:10B8E000010232F811106268B0FBF1F000EB520077
:10B8F000B0FBF2F04FF6EF72A0F1100191425DD86B
:10B9000021680025C8605EE000255CE02020002161
:10B910000025F8F713F9002855D0616A42F2B032D9
:10B92000C0F6010232F811106268B0FBF1F002EBD0
:10B9300042010125884246D31103884243D8010EB3
:10B94000000210EB520041F100010023F4F792FCD9
:10B950004FF6FF42A0F54071C0F20F02914231D87C
:10B9600021680025C8602EE000200021F8F7E6F8E5
:10B97000B6F5004FAFD1F8B1616A42F2B032C0F60D
:10B98000010232F811106268B0FBF1F0510801EBCE
:10B990004000B0FBF2F04FF6EF72A0F110019142BF
:10B9A0000ED84FF6F0710140C0F3420022680844FF
:10B9B000D060002507E000BF002504E0012502E07B
:10B9C000012500E001254FF00110A0660021284666
:10B9D0006167A16770BD00002DE9F0410446006871
:10B9E0001546C2690E461140891BB1FA81F1490919
:10B9F000A9422AD1DDF81880B8F1000F28D018F13B
:10BA000001012BD1C1693140891BB1FA81F149098A
:10BA1000A9421CBF0020BDE8F081C1693140891BEB
:10BA2000B1FA81F14909A9420FD1C1693140891B9D
:10BA3000B1FA81F14909A94207D1C1693140891B95
:10BA4000B1FA81F14909A942DCD00020BDE8F081BA
:10BA5000F6F754FD0320BDE8F08100BF1F460AE061
:10BA6000C0693040801BB0FA80F04009A8421CBF7A
:10BA70000020BDE8F081F6F741FDC01B404584BFC2
:10BA80000320BDE8F081206801684907E8D5C16955
:10BA9000090733D4C1690905E2D54FF40061016299
:10BAA00050E8000F216820F4907041E80002002A5D
:10BAB00000F0A880206850E8000F216820F4907002
:10BAC00041E80002002A00F09D80206850E8000F45
:10BAD000216820F4907041E80002002A00F0928072
:10BAE000206850E8000F216820F4907041E80002BF
:10BAF000002A00F087802068D2E700BF0821016299
:10BB000050E8000F216820F4907041E80002EAB18B
:10BB1000206850E8000F216820F4907041E800028E
:10BB2000A2B1206850E8000F216820F4907041E82D
:10BB300000025AB1206850E8000F216820F490708C
:10BB400041E8000212B12068DAE700BF4FF6FE704C
:10BB5000CEF6FF70216851E8021F2268014042E8DA
:10BB60000213C3B1216851E8021F2268014042E874
:10BB7000021383B1216851E8021F2268014042E8A4
:10BB8000021343B1216851E8021F2268014042E8D4
:10BB90000213002BDED1E06E012824D1206850E88A
:10BBA000000F216820F0100041E80002DAB120689F
:10BBB00050E8000F216820F0100041E8000292B127
:10BBC000206850E8000F216820F0100041E80002D2
:10BBD0004AB1206850E8000F216820F0100041E8C9
:10BBE0000002002ADAD12020C4F88C0000200821AD
:10BBF000E0666067C4F8901084F884000120BDE816
:10BC0000F08100BF4FF6FE70CEF6FF70216851E85C
:10BC1000021F2268014042E80213C3B1216851E8C3
:10BC2000021F2268014042E8021383B1216851E8F3
:10BC3000021F2268014042E8021343B1216851E823
:10BC4000021F2268014042E80213002BDED1E06EA1
:10BC5000012824D1206850E8000F216820F010004E
:10BC600041E80002DAB1206850E8000F216820F0B6
:10BC7000100041E8000292B1206850E8000F2168EE
:10BC800020F0100041E800024AB1206850E8000F9F
:10BC9000216820F0100041E80002002ADAD12020BB
:10BCA0000021C4F88C00E1666167C4F890000320AD
:10BCB00084F88410BDE8F0810146D0F8000940F214
:10BCC000FF729043C1F80009D1F8040840F4807273
:10BCD0000020C1F80428704781B00146C06840F0D8
:10BCE0004000C8600020009000980130009000984B
:10BCF000B0F1706F52D80869B0F1FF3F1EDD0098B7
:10BD0000013000900098B0F1706F49D808690028A0
:10BD100014D40098013000900098B0F1706F41D8B1
:10BD2000086900280AD40098013000900098B0F10A
:10BD3000706F39D80869B0F1FF3FD5DC0020009062
:10BD4000086940F0010008610098013000900098F7
:10BD5000B0F1706F2AD80869C00729D00098013067
:10BD600000900098B0F1706F24D80869C00723D004
:10BD70000098013000900098B0F1706F1ED80869EB
:10BD8000C0071DD00098013000900098B0F1706F8E
:10BD900018D80869C007D7D1002014E0032012E0AA
:10BDA000032010E003200EE003200CE003200AE053
:10BDB000002008E0032006E0002004E0032002E069
:10BDC000002000E003208A6B13F47F4F22F48032BE
:10BDD00008BF02F580328A6301B070470146D0F88F
:10BDE000000E20F00300C1F8000ED1F8040840F066
:10BDF00002020020C1F80428704700002DE9F04F2E
:10BE000085B0C3F3074C0027BCF1000FC0F80471E4
:10BE1000C0F80871C0F80C71C0F81071C0F8147146
:10BE2000C0F81871C0F81C71C0F82071C0F82471F6
:10BE3000C0F82871C0F82C71C0F83071C0F83471A6
:10BE4000C0F83871C0F83C71029207D0836B00F5DE
:10BE5000006943F40013836314E000BFD0F8043892
:10BE600000F5006943F00203C0F80438836B23F443
:10BE700000138363036843F040030360036843F0E7
:10BE8000800303600023C0F8003ED9F8007047F03B
:10BE90000307C9F800700493049B01330493049BC7
:10BEA000B3F1706F52D80369B3F1FF3F1EDD049AFE
:10BEB00001320492049AB2F1706F47D80269002AE5
:10BEC00014D4049A01320492049AB2F1706F3DD8EE
:10BED0000269002A0AD4049A01320492049AB2F147
:10BEE000706F33D80269B2F1FF3FD5DC00230493B1
:10BEF0004FF484630361049B01330493049BB3F107
:10BF0000706F23D803699B061DD5049A01320492F1
:10BF1000049AB2F1706F19D80269920613D5049A87
:10BF200001320492049AB2F1706F0FD8026992063E
:10BF300009D5049A01320492049AB2F1706F05D8BF
:10BF400002699206D7D44FF0000E01E04FF0010EC7
:10BF500000230393039B01330393039BB3F1706F9F
:10BF600050D80369B3F1FF3F1EDD039A01320392FB
:10BF7000039AB2F1706F45D80269002A14D4039A6B
:10BF800001320392039AB2F1706F3BD80269002A22
:10BF90000AD4039A01320392039AB2F1706F31D836
:10BFA0000269B2F1FF3FD5DC002303931023036144
:10BFB000039B01330393039BB3F1706F22D8036992
:10BFC000DB0621D5039A01320392039AB2F1706F16
:10BFD00018D80269D20617D5039A01320392039A40
:10BFE000B2F1706F0ED80269D2060DD5039A0132F4
:10BFF0000392039AB2F1706F04D80269D206D7D4C3
:10C0000002E000BF4FF0010E5FFA81FB4FF0000A23
:10C01000BBF1000FC9F810A0C9F814A0C9F81CA002
:10C020004DD0D0F800394FF0006808EA13134FF6EE
:10C030007F36BBF1010FC0F80039C0F810A9C0F875
:10C0400008691AD0CBF1000700F512634FF0904455
:10C050000025CDE900C100BFD3F800C0013704EAD4
:10C06000EC721A601D619E607A1C03F12003F3D10B
:10C07000DDE900C1BBF1000F21D0D0F8003B002763
:10C0800008EA1313BBF1010FC0F8003BC0F8107BA6
:10C09000C0F8086B13D0CBF1000500F532634FF008
:10C0A00090444FF67F3600BF1A68013504EAE27209
:10C0B0001A601F619E606A1C03F12003F4D1D9F855
:10C0C000102011F47F0F22F48072C9F810206FF055
:10C0D0008042C0F818A0426103D1816941F010018B
:10C0E0008161816943F60002C8F23C021143029A61
:10C0F000816112F47F0F03D0816941F008018161F1
:10C10000BCF1010F05D1816941F0804141F004018A
:10C110008161704605B0BDE8F08F0000014680687F
:10C1200020F0010200208A6070470000D0F840C073
:10C1300043F20B03C4F654739C4503D3D0F8003B81
:10C14000002B1ED40023C0F8103BD0F8103B01296F
:10C1500043F40023C0F8103BD0F8103B43F0180321
:10C16000C0F8103BD0F8103B43F0C043C0F8103B80
:10C1700007D1C0F8142BD0F8001B41F08021C0F883
:10C18000001B00207047000081B0002200924A7816
:10C19000012A3BD10A7800F5106152018858B0F1AC
:10C1A000FF3F3BDC505842F2107340F000605050AB
:10C1B000505840F080405050009801300090009856
:10C1C000984263D85058002828D500980130009034
:10C1D000009898425AD85058B0F1FF3F1EDC0098A2
:10C1E000013000900098984250D85058B0F1FF3F6D
:10C1F00014DC0098013000900098984246D85058BE
:10C2000000284FF00000D7D445E000BF0A7800F5C1
:10C21000306152018858B0F1FF3F03DD002001B0CA
:10C22000704700BF505842F2107340F00060505009
:10C23000505840F0804050500098013000900098D5
:10C24000984223D85058002824D5009801300090F7
:10C25000009898421AD85058B0F1FF3FDEDC0098A1
:10C26000013000900098984210D85058B0F1FF3F2C
:10C27000D4DC0098013000900098984206D85058BD
:10C2800000284FF00000D7D405E000BF012001B026
:10C29000704700BF002001B07047000081B000224D
:10C2A0000092009A01320092009AB2F1706F53D856
:10C2B0000269B2F1FF3F1EDD009A01320092009A3E
:10C2C000B2F1706F48D80269002A14D4009A013282
:10C2D0000092009AB2F1706F3ED80269002A0AD427
:10C2E000009A01320092009AB2F1706F34D802695C
:10C2F000B2F1FF3FD5DC89010022203100920161BB
:10C300000099013100910099B1F1706F24D8016951
:10C3100089061DD50099013100910099B1F1706F26
:10C320001AD80169890613D5009901310091009945
:10C33000B1F1706F10D80169890609D500990131F2
:10C3400000910099B1F1706F06D801698906D7D4C0
:10C35000002001B0704700BF032001B0704700000B
:10C36000D0F8080810F0060F04BF002070478007BF
:10C370004FF0020058BF0F2070470000406900F0E6
:10C3800001007047D0F81818D0F81C08084080B297
:10C3900070470000D0F81818D0F81C080840000CAE
:10C3A00070470000D0F810C8D0F8343801F00F0200
:10C3B00023FA02F200EB4110D201D1B2D0F8080901
:10C3C00041EA0C010840704700EB4111D1F8081B0D
:10C3D000D0F81408084070474169806908407047E8
:10C3E00010B50023B3EB920F02F0030E32D04FEAE8
:10C3F000920CACF10103032B0CF0030C12D36FF081
:10C40000030303EA92024FF480535242C4580432A9
:10C410000C60C4584C60C4588C60C458CC6001F1A6
:10C420001001F3D1BCF1000F14D04FF480528458A6
:10C430000B4643F8044BBCF1010F05D11946BEF180
:10C44000000F0AD113E000BF8258BCF1020F4A600E
:10C450001CD10831BEF1000F09D04FF48052805832
:10C460000A4602F8010BBEF1010F03D1114608463E
:10C4700010BD00BF020ABEF1020F4A700FBF0231A9
:10C48000000C88700331084610BD00BF4FF4805285
:10C4900082588A600C31BEF1000FDED1E7E7000060
:10C4A000B0B50446C06820F0C040E060B1B10129D9
:10C4B0001CBF0120B0BDE06840F00050E0600020EB
:10C4C00005460A20F5F7ECFE6169BD2D05F10A006D
:10C4D00016D811F00101F3D012E000BFE06840F07F
:10C4E0008040E060002000BF05460A20F5F7D8FE36
:10C4F0006169BD2D05F10A0002D811F00101F3D1E7
:10C50000C838B0FA80F04009B0BD0000022A0246E7
:10C510000ED145F24030CFF6277043F20053084465
:10C52000C0F20C0398420FD24FF4705002E000BFEB
:10C530004FF41050D16821F47051D160D16801439B
:10C540000020D160704700BF41F64060CFF61B70FD
:10C5500044F240230844C0F20F03984202D24FF441
:10C560006050E7E7A1F5740044F68073A0F5105021
:10C57000C0F21203984203D24FF45050DAE700BFE2
:10C58000A1F183704DF22063A0F5E740C0F21303E0
:10C59000984203D24FF44050CCE700BF4BF26060AA
:10C5A000CFF6E5604EF260330844C0F216039842BD
:10C5B00002D24FF43050BDE74DF20030CFF6CE60DE
:10C5C00047F240730844C0F21B03984202D24FF472
:10C5D0002050AFE745F6C030CFF6B36049F2C01344
:10C5E0000844C0F22103984202D24FF41050A1E750
:10C5F000A1F1B77047F22053A0F55850C0F23803AC
:10C60000984203D24FF4005094E700BF45F2E04057
:10C61000CFF6596049F6E0430144C0F241034FF4BC
:10C62000C050994238BF4FF4E05083E710B5DDF8B1
:10C6300008C0BCF1000F01D0002010BD03F1030EB3
:10C640000023B3EB9E0FF7D04FEA9E0CACF1010331
:10C6500000F580541203032B0CF0030C10D36FF081
:10C66000030303EA9E035B420868043310514868E1
:10C67000105188681051C86801F110011051F3D1B0
:10C68000BCF1000FD8D00868BCF1010F1051D3D015
:10C690004868BCF1020F10511CBF8868105100207F
:10C6A00010BD0000FEE70000704700002DE9F047D4
:10C6B000D0F8008089460746C1B14046494602F09D
:10C6C00055F802283CBF0120BDE8F0870446013040
:10C6D00004BF4FF0FF30BDE8F087D8F81400CA4619
:10C6E00084420CD22046BDE8F08700BFD8F80CA0E9
:10C6F000BAF1000F1ED0D8F8140082451AD2BAF150
:10C70000020F08F1140517D3564600BF28680136FA
:10C710008642386828BF0226314602F027F80446D0
:10C720000130DFD014B3012CDCD056454FF00004AB
:10C73000ECD1D7E708F11405286803283CBF002096
:10C74000BDE8F087022600BF3868314602F00EF8D7
:10C7500004460130C6D04CB1012CC3D02868013644
:10C76000864224BF0020BDE8F087EDE74046314611
:10C770004FF0FF32344603F083F8B9F1000F05D0D3
:10C7800020B940464946224603F07AF840B10124D8
:10C79000012808BF4FF0FF342046BDE8F08700BFF6
:10C7A000D8E90401C8F80C40023988429CBF01381E
:10C7B000C8F8100098F8040040F0010088F8040060
:10C7C0002046BDE8F08700002DE9F04F83B0044615
:10C7D00080690427B8B10E4621694FF6FF72C0F296
:10C7E0001F0201F1200595420DD8AB46D4F800A0F8
:10C7F0006FF35F2BBBF1000F0AD00AEB0B00303058
:10C8000000272561E061384603B0BDE8F08F00BF26
:10C8100061690130A06189B1BAF80A00104400F5DD
:10C82000C00010EA552FE8D1504601F09FFF0228C2
:10C8300010D20227384603B0BDE8F08FBAF80800DE
:10C84000B0EB551FD9D80020A0610427384603B0AB
:10C85000BDE8F08F411C11D0DAF81430984213D2A1
:10C86000871E991E8F42606180F0D280BAF80A005C
:10C87000DAF8281007FB0010CBE000BF012738468C
:10C8800003B0BDE8F08F00BF002EDCD06169204608
:10C89000FFF70CFF421C032A10D24FF6F871C0F2CA
:10C8A000FF0101EAC20040F20171C0F2020121FA67
:10C8B00000F0C0B203B0BDE8F08F00BF01909AF85D
:10C8C000030098B3DAF82C609AF801000AF13008F6
:10C8D000414632460123012700F0BEF9002892D1DB
:10C8E000DAF82020DAF81810B21A00208A428AF802
:10C8F00003001BD29AF80270022F17D39AF8010096
:10C900000E4441463246012300F0A6F9013F022FB2
:10C910000CD3DAF818109AF801000E44414632465A
:10C92000012300F099F9013F012FF2D80AF13008F4
:10C9300040464FF40071F3F7E7FCDAF81430019841
:10C940009A1E871EBAF80A1097423ABFDAF82820D2
:10C9500007FB012600260029CAF82C604AD0009760
:10C96000012700220BE000BF029ADAF82C00BAF887
:10C970000A100132461C8A42CAF82C603CD29AF84E
:10C98000010002924146324601238AF8037000F00A
:10C9900063F900287FF437AFDAF82000DAF81810CE
:10C9A000301A88424FF000008AF80300DCD29AF86F
:10C9B0000290B9F1020FD7D39AF801000E44414614
:10C9C0003246012300F048F9A9F10109B9F1020F3B
:10C9D000CAD3DAF818109AF801000E4441463246DC
:10C9E000012300F039F9A9F10109B9F1010FF0D8DB
:10C9F000BAE700BF002203E0DDE90070DAF8143086
:10CA0000B11ACAF82C10991E8F426061FFF42EAF44
:10CA10000020A061F1E600002DE9F047816804687C
:10CA200082460020CAF8100091B16089002800F009
:10CA3000AB8063698A1E023B9A423ABFA36A02FB3B
:10CA400000370027CAF81410CAF818709FB9B1E06F
:10CA50002078032802D3616A0029E6D120890028C2
:10CA600000F0A880676A0021002FCAF81410CAF8E5
:10CA7000187000F09F8004F130084FF00009CAF8E8
:10CA80001C8008E050460121FFF79EFE002840F080
:10CA9000D380DAF81870E56ABD423AD0E07848B33E
:10CAA000607841462A460123012600F0D5F8002887
:10CAB00040F0BB80206AA169281A884284F803905C
:10CAC00018D2A678022E15D360780D4441462A4626
:10CAD000012300F0C1F8013E022E0BD3A16960785A
:10CAE0000D4441462A46012300F0B6F8013E012ECE
:10CAF000F4D800BF607841463A460123012600F091
:10CB0000A7F80028384618BF4FF0FF30E06240F029
:10CB10008C80DAF81C000178002918BFE529B1D112
:10CB2000DAF818904F4549D10026C6618661466102
:10CB30000661C660866046600660DAF81C009AF8F6
:10CB4000201001709AF8211041709AF8221081701B
:10CB50009AF82310C1709AF8241001719AF82510E0
:10CB600041719AF8261081719AF82710C1719AF8CC
:10CB7000281001729AF8291041729AF82A108172CD
:10CB80000120E07051E000BF204601F0EFFD0146BA
:10CB900001300BD002290DD3606981420AD2DAF844
:10CBA000000001F0E3FD01460130F3D101263046DB
:10CBB000BDE8F08702263046BDE8F087E07830B364
:10CBC000607841463A460123012600F045F860BBF3
:10CBD000226AA169BA1A00208A42E07017D2A578A9
:10CBE000022D14D360787E1841463246012300F0AE
:10CBF00033F8013D022D0AD3A16960780E44414605
:10CC00003246012300F028F8013D012DF4D8607868
:10CC100041464A460123012600F01AF8002818BFB1
:10CC20004FF0FF39C4F82C9002D03046BDE8F087B1
:10CC3000DAF81C0078E700BF0646042802BF072682
:10CC40003046BDE8F087F0E7FEF700B8FEF714B80D
:10CC5000FEF75EB8FEF794B8FEF7A8B840F2901061
:10CC6000C2F20000006838B940F2B400C2F200001D
:10CC7000816A09B9416B09B100207047816DC068B4
:10CC8000421E0120914208BF022070472DE9F04169
:10CC9000D0B140F2B405C2F2000504462868A042B3
:10CCA00004BF0020BDE8F08103F0BEF96669EF69BA
:10CCB000D5F8208003F0C8F9BE424FF0020018BF3B
:10CCC000464505D1BDE8F08103F01CF9FEE700BF41
:10CCD00005F1580086420BD0012005F14401002ED9
:10CCE00008BF04208E4208BF0420BDE8F08100BFC9
:10CCF000A06A00281CBF0220BDE8F08194F85C10F7
:10CD00000320012908BF0220BDE8F08110B50446C8
:10CD100000F054FD002818BF10BD7CB1206868B138
:10CD2000017859B1A188C288914207D14078FFF7B4
:10CD300091FFC00702D10020206010BD092010BD66
:10CD40002DE9F04F8FB00E900EA802A9022200F03C
:10CD500017FF029C0646039420B130460FB0BDE891
:10CD6000F08F00BF0E9903A801F028FA06460028AC
:10CD700008BF0826042EF0D103A800210026FFF7E3
:10CD800095FC80466189B8F1000F08BF0726B8F10D
:10CD9000010F08BF0226480218F1010108BF012651
:10CDA00006902EB3B8F1020FD7D3039C60694045BB
:10CDB000D3D92046414601F0D9FC0546013003286D
:10CDC000CBD320464146002202F05AFD0028C4D1B0
:10CDD000D4E90410821E914205D2227901312161E9
:10CDE00042F0010121718542B7D20398A846E1E7DC
:10CDF000E07868B3E76A607804F1300529463A467E
:10CE000001230126FFF728FF0028CBD1226AA16960
:10CE1000BA1A00208A42E0701AD294F80290B9F14E
:10CE2000020F15D360787E18294632460123FFF79A
:10CE300013FFA9F10107022F0AD3A16960780E44FC
:10CE4000294632460123FFF707FF013F012FF4D89F
:10CE50006169A8F102000239884205D26189A26A9B
:10CE600000FB012701E000BF002704F13C004FF464
:10CE7000FA71F3F749FA102184F83B100021C5F646
:10CE800021412E20A146C4F84610217809F8300F20
:10CE900042F22000A4F839004FF020304FEA182267
:10CEA0000329C4F83500C4F8310084F84A8001929F
:10CEB00084F84B2007D14FEA184184F844104FEA18
:10CEC000186184F8451042F62E61A4F85010D4F889
:10CED0003A10C4F85200D4F83600C4F85A10D4F806
:10CEE0004210C4F85600D4F83E00C4F86210D4F8DA
:10CEF0004A10C4F85E00D4F84600C4F86A102178DD
:10CF0000C4F86600B4F84E2005980329A4F86E20F2
:10CF10000AD00329A4F86A000ED0B4F80AA0BAF126
:10CF2000000F14D152E000BF626A821A08BF104697
:10CF30000329A4F86A00F0D1010C000E84F86410F3
:10CF400084F86500B4F80AA0BAF1000F3ED00126BB
:10CF500009E000BF48464FF400710137F3F7D4F9F8
:10CF6000BAF1010A32D0607849463A460123E762B5
:10CF7000E670FFF771FE00287FF414AF206AA16904
:10CF8000381A88424FF00000E070E3D294F802B003
:10CF9000BBF1020FDED360787D1849462A46012393
:10CFA000FFF75AFEABF1010BBBF1020FD2D300BF6A
:10CFB000A16960780D4449462A460123FFF74CFEDB
:10CFC000ABF1010BBBF1010FF2D8C3E703A8FFF7E8
:10CFD00023FD064600287FF4E5AE0A980021C5F639
:10CFE0002141C0F81610019980F81A80C176217885
:10CFF000032905D14FEA184101754FEA18614175BF
:10D000001021C1720120E070204602F00DFF06469B
:10D0100030460FB0BDE8F08F10B582B0019000919E
:10D0200031B34FF0FF3E00BF01EB0E0C9CF8013016
:10D03000212B21D33A2B1FD09CF80230212B27D350
:10D040003A2B25D09CF80330212B39D33A2B37D0FB
:10D050009CF804400EF1040EA4F13A03B3FA83F3F2
:10D060004FEA531C212C1AD33A2CDDD117E000BF14
:10D070000B21084602B010BD3A3BB3FA83F34FEAE6
:10D08000531C0EF1010EBCF1000F0BD122E000BFCA
:10D090003A3BB3FA83F34FEA531C0EF1020EBCF194
:10D0A000000F17D00978A1F13003092B2CD8BEF15D
:10D0B000010F4FF00B0108BF002BDAD10AE000BFCF
:10D0C0003A3BB3FA83F34FEA531C0EF1030EBCF163
:10D0D000000FE7D140F2881CC2F2000CDCF804100B
:10D0E00000291CBF00230B70002188B1012A0170A8
:10D0F000CCF80400BDD1684601A9002200F040FD33
:10D100000146084602B010BD0B21084602B010BD12
:10D11000CCF80410084602B010BD00002DE9F04F15
:10D120008FB00E9190B102F03F08154683460EA8CD
:10D1300002A9424600F024FD074668B10020CBF862
:10D14000000038460FB0BDE8F08F00BF0927384611
:10D150000FB0BDE8F08F00BFDDF808900E9903A86E
:10D16000CDF80C9001F02AF80746002F9DF9370002
:10D170004FF0060108BF01EAD01718F01C0F6BD062
:10D18000002F77D0042F03D103A8FFF745FC0746F3
:10D1900048F00808002F40F0D08018F0080000F098
:10D1A000CC800A980021C5F62141C0F80E100A98DB
:10D1B000C0F816100A982021C1720A9899F8001038
:10D1C000448B032905D1017D427D44EA014141EAB6
:10D1D00002640021418399F80020032A08BF81825C
:10D1E0000A98002CC1614FF0010089F8030000F09B
:10D1F000A780012C00F05281DDF80CA0DAF81400B1
:10D20000A04240F24B81D9F82C605046274639465F
:10D2100001F0ACFA0546013044D0002D3CD0012D80
:10D2200000F03C8150463946002202F029FB0028DC
:10D230003AD1DAE90410821E914208D29AF8042009
:10D240000131CAF8101042F001018AF80410854239
:10D2500022D203982F46DAE7002F7FF46FAF9DF8B4
:10D260001200C10616D45FEA887169D510F001007A
:10D2700005D165E09DF8120010F0110F02D00727CC
:10D280005CE700BF082000EA4507002F3FF485AFA8
:10D2900053E000BF042751E7D9F82C50B54205D11F
:10D2A000002747E0012749E7074647E799F80300C9
:10D2B00080B399F8010009F1300A51462A4601234A
:10D2C0000127FFF7C9FCA8BBD9F82020D9F818100E
:10D2D000AA1A00208A4289F803001BD299F802702A
:10D2E000022F17D399F801000D4451462A46012315
:10D2F000FFF7B2FC013F022F0CD3D9F8181099F8B0
:10D3000001000D4451462A460123FFF7A5FC013FC9
:10D31000012FF2D899F8010009F1300132460123BA
:10D32000FFF796FC074600281CBF4FF0FF36012789
:10D33000C9F82C60601EC9F80C00002F7FF4FEAE07
:10D34000D9F82C200A9908F00800CBE9082199F8AF
:10D35000002048EAC0004D8B032A05D10A7D4B7D91
:10D3600045EA024242EA0365CBF80850CE69CBF8A1
:10D370000090CBF80C60B9F806100BF1280AABF856
:10D3800004108BF81000002750464FF400718BF802
:10D390001170CBF81C70CBF81470F2F7B5FF5FEA90
:10D3A00088607FF5CEAE002E3FF4CBAECBF8146094
:10D3B000B9F80A800024B6EB482F41D948462946DF
:10D3C0004FEA482701F0D2F9022838BF0124054668
:10D3D0006400013008BF0124B4FA84F0F11B4FEA65
:10D3E00050107CBBB9422DD9A8EB4800CDF804A061
:10D3F0004FEA802ADBF80000294601F0B7F905461C
:10D4000002284FF0000038BF01204400681C08BF0C
:10D410000124A6EB070024B90AEB0601B94206462F
:10D42000E8D84FF60042CFF6FF7202F50072B4FA68
:10D4300084F108FB0206DDF804A0480903E000BF00
:10D44000012000E00E46CBF81850F0B130466FF3E3
:10D450005F20D0B1D9F81410A81E023988421DD21D
:10D46000B9F80A10D9F8282000FB0120B0B100EB70
:10D4700056225146CBF81C2099F8010001230127C0
:10D48000FFF7E6FB00287FF459AE002C27467FF417
:10D4900055AE002738460FB0BDE8F08F02274DE6A5
:10D4A0002DE9F04F81B0044600201860A4B1206837
:10D4B00090B18846017879B11646A188C288914218
:10D4C0000AD140781D46FFF7C5FBC00704D1607C38
:10D4D00030B101B0BDE8F08F092001B0BDE8F08F98
:10D4E000207CC00702BF072001B0BDE8F08FE068D4
:10D4F0006169401AB04238BF0646002E00F0F6803F
:10D50000276804F1280BCDF800B00CE04FEA492061
:10D5100061692A68804401440244361A4FF00000D1
:10D5200061612A60D5D00A466FF35F22B2B1C2F5BD
:10D530000070B04288BF3046A11801F1280310F0F6
:10D540000301A0F1010C13D09E461EF8019B424638
:10D5500002F8019B01290FD1614627E07889013843
:10D5600000EA512BBBF1000F12D0A0693CE000BFD4
:10D57000014642469E4619E05A78022988F8012061
:10D580000CD103F1020E08F10202811E0EE000BF71
:10D5900011B32068A16901F0E9F81EE0997803F160
:10D5A000030E08F1030288F80210C11EBCF1030F3C
:10D5B000AED3BC46043AAEF1040300BF13F8047FB7
:10D5C000043902F8047F5F7857709F789770DF788E
:10D5D000D770F3D167469BE7A068012840F28A80A4
:10D5E000411C00F08980A0617969023802398842C3
:10D5F00080F080807989BA6A00FB0120002879D008
:10D600000022B2EB562F00EB0B0A4DD04FEA562901
:10D610000BEB09008842787888BFA1EB0B094146E3
:10D6200052464B46FFF714FB002865D194F91000D1
:10D63000DDF800B0B0F1FF3F3FF768AFE069A0EB65
:10D640000A004845BFF462AF08EB402C002100BF40
:10D650001BF801200BEB01030CF8012058780CEBB0
:10D6600001025070987810319070D878B1F5007F31
:10D67000D070187910715879507198799071D87963
:10D68000D071187A1072587A5072987A9072D87A4B
:10D69000D072187B1073587B5073987B9073D87B33
:10D6A000D073D5D132E700BFE269DDF800B0524552
:10D6B00015D094F91000B0F1FF3F09DC7878594695
:10D6C0000123FFF7C9FAB8B9207C00F07F0020746D
:10D6D0007878594652460123FFF7BAFA60B9626971
:10D6E000C4F81CA06FF35F2221E700BF002001B047
:10D6F000BDE8F08F022000E00120607401B0BDE8B9
:10D70000F08F0000B0B58CB00C460B900BA86946AA
:10D71000002200F035FA08B10CB0B0BD0B99684694
:10D7200000F04CFD0028F7D19DF92B0000282BD4E8
:10D73000002C4FF00000EFD0069960720029EBD06A
:10D7400007994FF0000E4FF02E0C002318461D468F
:10D750000B2B98BF0B2000BFA84219D04A5D6B1C51
:10D76000202A1D46F8D0052A08BFE522092B02BF52
:10D7700004EB0E000EF1010E80F809C004EB0E0060
:10D780000EF1010E4272E1E706200CB0B0BD00BF01
:10D7900004EB0E0200205072CA7A2272CA6922601B
:10D7A0000D7E8A7DCB7D497E2D0245EA014142EA0C
:10D7B0000322090AE280A1800CB0B0BD2DE9F0433C
:10D7C00081B098B10446006880B1017871B1A18838
:10D7D000C28891420AD14078FFF73CFAC00705D1D0
:10D7E000207C410608D400277AE000BF092738468C
:10D7F00001B0BDE8F08300BF256800060DD568784C
:10D80000E26904F1280101230127FFF725FA002826
:10D8100066D1207C00F07F002074D4F82090EE6A5E
:10D820004E4523D1606AC17A41F02001C172A168DE
:10D83000226841831278032A03D10A0C090E02756B
:10D840004175E168C1610021C5F62141C0F816109B
:10D85000002141820120E870284602F0E5FA217C8F
:10D8600001F0BF01217401B0BDE8F083E87840B356
:10D87000687805F130084146324601230127FFF759
:10D88000EBF968BB2A6AA969B21A00208A42E870DB
:10D8900017D2AF78022F14D368780E44414632462F
:10D8A0000123FFF7D9F9013F022F0AD3A96968784C
:10D8B0000E44414632460123FFF7CEF9013F012FC6
:10D8C000F4D8687805F130014A4601230127FFF7B3
:10D8D000BFF9002818BF4FF0FF39C5F82C90A1D030
:10D8E000384601B0BDE8F0832DE9F04F81B0044621
:10D8F0000020186054B3206840B38B46017829B3E8
:10D900001646A188C288914220D140781D46FFF773
:10D91000A1F9C0071AD1607C002840F02681207C44
:10D9200081075EBF072001B0BDE8F08F6169CA437F
:10D93000B24238BF1646002E00F01381D4F8009092
:10D9400004F12808CDF8009017E000BF092001B0CD
:10D95000BDE8F08F217C41F0800121746169E268AB
:10D960000144914288BF0A46E2602A688344024427
:10D97000361A61612A6000F0F3800A466FF35F2275
:10D98000C2B1C2F50070B04288BF3046A11801F1A3
:10D99000280210F00301A0F1010C19D0DE461EF898
:10D9A000017B134603F8017B012915D161461A4614
:10D9B00023E000BFB9F80A00013800EA5127002F20
:10D9C00042D179B3A1692046FEF770FE2EE000BF78
:10D9D0000146DE4611E000BF9BF80130022953707A
:10D9E00004D10BF1020E0232811E06E09BF80210F8
:10D9F0000BF1030E91700332C11EBCF1030FA9D3CA
:10DA0000131FAEF1040200BF12F8047F043903F8BB
:10DA1000047F57785F7097789F70D778DF70F3D165
:10DA200098E700BFA068002800F09880411C00F033
:10DA3000A180002800F09480012800F09980A1685E
:10DA4000A061002908BFA06094F91000B0F1FF3F69
:10DA50000DDC99F80100E26941460123FFF7FCF86B
:10DA6000002840F08780207C00F07F002074A069AF
:10DA7000D9F8141002380239884279D2B9F80A105C
:10DA8000D9F8282000FB0120002871D00022B2EB39
:10DA9000562F00EB070A4BD04A464FEA562907EBB0
:10DAA00009008842507888BFA1EB070959465246C1
:10DAB0004B46FFF7D1F800285CD1E069A0EB0A00E3
:10DAC00048452FD20BEB4020002100BF425C431899
:10DAD00008F801205F7808EB010257709F78103139
:10DAE0009770DF78B1F5007FD7701F7917715F7974
:10DAF00057719F799771DF79D7711F7A17725F7AA3
:10DB000057729F7A9772DF7AD7721F7B17735F7B8A
:10DB100057739F7B9773DB7BD373D7D1207C00F047
:10DB20007F0020744FEA4920DDF8009016E700BF1F
:10DB3000E06950450BD0E0686169814207D299F8ED
:10DB40000100414652460123FFF782F890B962690D
:10DB5000C4F81CA06FF35F2213E700BF002132E777
:10DB6000207C40F040002074002001B0BDE8F08F20
:10DB7000022000E00120607401B0BDE8F08F0000D9
:10DB80002DE9F04F83B000230B60036803B34FF01F
:10DB9000FF3700BFDE197578212D1BD33A2D19D020
:10DBA000B578212D1ED33A2D1CD0F578212D21D307
:10DBB0003A2D1FD035790437A5F13A06B6FA86F624
:10DBC0007609212D01D33A2DE4D196B319E000BF97
:10DBD0000B2621E0A5F13A06B6FA86F6760901375A
:10DBE0007EB926E0A5F13A06B6FA86F6760902373E
:10DBF000FEB106E0A5F13A06B6FA86F676090337D5
:10DC0000BEB11E78A6F13005092D09D8012F4FF0BD
:10DC10000B0608BF002D09D0304603B0BDE8F08FD9
:10DC20000B26304603B0BDE8F08F00BF3B44013304
:10DC3000036040F28814C2F200046768002F00F00D
:10DC4000E180387802F0FE060F6078B17878FFF74F
:10DC500001F8C1070AD140070A21002E18BF01EAC6
:10DC6000E076304603B0BDE8F08F00BF002038807A
:10DC70000020FEF7E9FFC10740F0CA80002E18BF60
:10DC800010F0040040F0CA800020F8704FF0FF3020
:10DC9000F862787807F1300A514600220123012604
:10DCA000FEF7D6FF0546002818BF4FF0FF35FD628E
:10DCB000B2D197F82E0297F82F124AF6552B40EA68
:10DCC00001225A4540F0E3819AF80020E92A07D062
:10DCD000EB2A40F0A98097F83220902A40F0A480E7
:10DCE00097F8672097F86860120297F8663042EA62
:10DCF000064644F24612C0F254023344934206D020
:10DD0000D7F8823002F14C52934240F08D804FF0B0
:10DD1000000EB7F83B20B2F5007F40F0B881B7F8AD
:10DD200046B0BBF1000F08BFD7F854B097F84020B9
:10DD3000C7F818B0561E012EBA7000F2A88197F8E5
:10DD40003D90A9F1010313EA0903B9FA89F618BF56
:10DD5000012376093343A7F80A9040F0988197F899
:10DD6000413097F8426043EA062C1B07A7F808C029
:10DD700040F08D81B7F84380B8F1000F08BFD7F8A5
:10DD80005080FB8F002B00F082810BFB02F606EB2C
:10DD90001C121A449045C0F07A81A8EB0208C845CD
:10DDA0000296C0F07481B8FBF9F94FF6F6764FF0A1
:10DDB0000308B14538BF4FF0020840F6F676B1458A
:10DDC00038BF4FF0010809F1020673447244B8F1FC
:10DDD000030F00967E61C7E907E3CDF80480BA62BD
:10DDE00040F05A8197F85A2097F85B3042EA0C02CB
:10DDF00042EA0322002A40F04A81FA6D7A62009AD0
:10DE000092005CE10C26304603B0BDE8F08F00BF05
:10DE10000326304603B0BDE8F08F00BF0A26304627
:10DE200003B0BDE8F08F00BF97F8F221002A14BFBD
:10DE3000D7F8F651002597F80222002A14BFD7F828
:10DE40000662002697F81222002A14BFD7F816920D
:10DE50004FF0000997F82222002A14BFD7F8268233
:10DE60004FF00008002D45D00022FA704FF0FF3B24
:10DE70006A1CC7F82CB013D0787851462A46012383
:10DE8000FEF7E6FE002808BFAB46C7F82CB04AF6FE
:10DE9000552B2FD197F82F1297F82E020A0202E085
:10DEA0000A024AF6552B02435A4523D19AF800201C
:10DEB000E92A05D0EB2A1DD197F83220902A19D1F2
:10DEC00097F8672097F86830120297F866C042EA20
:10DED000034344F24612C0F254026344934201D118
:10DEE000AE4616E7D7F8823002F14C529342AE4666
:10DEF0003FF40FAF002E40D00020F8704FF0FF35F8
:10DF0000701CFD620AD07878514632460123FEF734
:10DF10009FFE002808BF3546FD622ED197F82E02DD
:10DF200097F82F1240EA01225A4526D19AF800208C
:10DF3000E92A05D0EB2A20D197F83220902A1CD16B
:10DF400097F8672097F86850120297F8663042EA0F
:10DF5000054544F24612C0F254022B44934203D1C9
:10DF60003546B646D5E600BFD7F8823002F14C52AE
:10DF700093423546B6463FF4CCAEB9F1000F40D0DF
:10DF80000020F8704FF0FF3519F10100FD620AD052
:10DF9000787851464A460123FEF75AFE002808BF0A
:10DFA0004D46FD622DD197F82E0297F82F1240EAC8
:10DFB00001225A4525D19AF80020E92A05D0EB2AFA
:10DFC0001FD197F83220902A1BD197F8672097F835
:10DFD0006860120297F8663042EA064644F246123A
:10DFE000C0F254023344934202D14D46CE4690E6ED
:10DFF000D7F8823002F14C5293424D46CE463FF460
:10E0000088AEB8F1000F42D00020F8704FF0FF3515
:10E0100018F10100FD620CD0787851464246012388
:10E020000126FEF715FE002808BF4546FD627FF475
:10E03000F3AD97F82E0297F82F1240EA01225A45C5
:10E0400025D19AF80020E92A05D0EB2A1FD197F8AC
:10E050003220902A1BD197F8672097F86860120247
:10E0600097F8663042EA064644F24612C0F254027D
:10E070003344934202D14546C6464AE6D7F8823039
:10E0800002F14C5293424546C6463FF442AE0D263D
:10E09000304603B0BDE8F08FBCF1000FF7D0029A14
:10E0A0001A44019B7A62022B02D1009A520006E0C8
:10E0B000009A09F0010302EB420203EB520202F262
:10E0C000FF12BBEB522FE2D3019B4FF0FF32C7E9A7
:10E0D00003228022032B3A715FD1B7F86020012A16
:10E0E0005BD10EF1010845451ED140EA01204AF6F8
:10E0F00055220021904239714FD1386B45F252219F
:10E10000C4F26111884248D1D7F8140247F2722153
:10E11000C6F24111884240D1D7F81C02D7F8181234
:10E12000C7E9030139E000BFF87848B37878514671
:10E130002A460123FEF790FD78BB3A6AB969AA1A0C
:10E1400000208A42F8701BD297F802B0BBF1020F90
:10E1500016D3787805EB010951464A460123FEF7AC
:10E160007BFDABF10105022D0AD3B96978788944AA
:10E1700051464A460123FEF76FFD013D012DF4D8BB
:10E180007878514642460123FEF762FD002818BF09
:10E190004FF0FF38C7F82C800AD020880199013051
:10E1A000002639702080F880304603B0BDE8F08F3B
:10E1B00097F82E0297F82F1297E700002DE9F04FFD
:10E1C00083B0056882460E4630785C2818BF2F2839
:10E1D00015D170782F2818BF5C280BD1B0785C2837
:10E1E00018BF2F2808D1F0785C2818BF2F2805D138
:10E1F0000436E9E7013602E0023600E0033600218A
:10E20000CAF80810307820281AD280208AF82B000B
:10E210002878CAF810100328C0F02282696A002901
:10E2200000F01E826889002800F030826B698A1E27
:10E23000023B9A423ABFAB6A02FB0030002014E274
:10E240000AF120084FF0203000210195C8F807009E
:10E25000C8F80400C8F80000002208204FF0010CA4
:10E260004FF00009B55C02F1010B212DC0F0EC81EB
:10E270005844A0EB090E131DE8B22E2852D05C289A
:10E2800018BF2F2865D0F3454ED06AB2B2F1FF3FD8
:10E2900006DC42F22012C0F60102104410F8805C45
:10E2A00043F21F12C0F601021478B4FA84F0002C75
:10E2B0004FEA50171CBFE8B284421BD05478B4FA1E
:10E2C00084F7002C4FEA571718BF844212D0947875
:10E2D000B4FA84F7002C4FEA571718BF844209D0CC
:10E2E000D478B4FA84F74FEA57171CB1844202F18C
:10E2F0000402D9D1002F00F0AD81A5F16100C0B2B8
:10E300001A2838BF203D0AEB090080F8205016F883
:10E310000B500BF1010209F101090133212D934644
:10E32000AAD235E02E2500E0F3466FF02D0050FA1A
:10E3300085F04FF00809B0FA80F042090B201CEA82
:10E34000020F4FF0000C5A467FF48CAF82E100BF01
:10E350000433F01810F8032C5C2A18BF2F2A19D1A7
:10E3600010F8022C2F2A18BF5C2A17D110F8010CC4
:10E370005C2818BF2F2815D1F05C5C2818BF2F2807
:10E38000E6D000279B46B9F1000F5A4612D161E151
:10E3900004270FE0A3F1030B06E000BFA3F1020B7B
:10E3A00002E000BFA3F1010B0027B9F1000F5A46AC
:10E3B00000F0508198F80000E52804BF052088F897
:10E3C0000000DAF800B04FF000008AF82B70CAF8AD
:10E3D0001000A9B1BBF80A00002800F07181DBF839
:10E3E00014708B1E023FBB4280F08681DBF82870E0
:10E3F00003FB0075CAF81410CAF81850BDB975E1CE
:10E400009BF80000032803D3DBF824100029E1D196
:10E41000BBF80800002800F06981DBF824500021D7
:10E42000002DCAF81410CAF8185000F05F81164485
:10E430000BF13001CAF81C1002910DE02089B0EBFD
:10E44000571F40F2398100BF04EB090000F1300191
:10E45000CAF81070CAF81C10DBF82C70AF424DD00F
:10E460009BF80300DDF80890B0B39BF80100494623
:10E470003A4601230124FEF7EFFB002840F001811A
:10E48000DBF82000DBF81810381ADDF80890884215
:10E490004FF000008BF803001ED29BF80200022808
:10E4A0001AD300909BF80100CC194946224601235B
:10E4B000FEF7D2FB0098471E022F0DD3DBF8181091
:10E4C0009BF801000C44494622460123FEF7C4FB99
:10E4D000013F012FF2D800BF9BF8010049462A46B0
:10E4E00001230124FEF7B4FB002818BF4FF0FF35CD
:10E4F000CBF82C5040F0C580DAF81C1008780028C2
:10E5000000F00B8191F80BC00CF03F008AF8060078
:10E51000C87A00072FD40022885C18F80230C01A8D
:10E5200001BF8F1808EB020578786B7808BFB0EB55
:10E5300003001BD1BC78A878082AA4EB0003B3FA27
:10E5400083F34FEA531314D0844212D1FF78ED784D
:10E55000072AA7EB0500B0FA80F04FEA501308D065
:10E56000AF4202F10402D7D003E000BFB0FA80F05E
:10E570004309002B48D1DAF81850002D00F0CD8067
:10E58000DAF8100000F120074FF6FF70C0F21F000C
:10E59000874200F2C280B946DAF800406FF35F2983
:10E5A000B9F1000F7FF450AFDAF8141001350029EB
:10E5B000CAF818503FF442AF60894FF6FF72C0F2BC
:10E5C0001F02104400F5C00010EA572F7FF43CAF43
:10E5D000204600F0CBF80228C0F08880411C00F0F3
:10E5E00093806169884280F09580821E02398A4258
:10E5F000CAF8140004D26089A16A02FB001500E089
:10E600000025CAF818501FE79AF82B00400700F1C0
:10E610008F805FEACC6040F19180DAF810000199B8
:10E620006FF35F2008440A78B0F84A10032A06D135
:10E630003030027D407D41EA024141EA0061CAF882
:10E6400008104FF0203001E60427B9F1000F5A46B8
:10E650007FF4B0AE0624204603B0BDE8F08F00BFC3
:10E660002889002842D0686A0021CAF814100028BE
:10E67000CAF818000FBF022405F13000CAF81C00C8
:10E680000024204603B0BDE8F08F00BF284600F00C
:10E690006DF8014601240130F3D000BF022925D3D3
:10E6A0006869814222D2DAF8000000F05FF8014682
:10E6B0000130F3D1E5E700BF0020CAF818002CE0D4
:10E6C000584600F053F8014601240130D9D0022900
:10E6D0000CD3DBF81400814208D2DAF8000000F015
:10E6E00045F801460130F2D1CBE700BF02242046B5
:10E6F00003B0BDE8F08F00BF00200224CAE9051076
:10E70000204603B0BDE8F08F0124204603B0BDE8E9
:10E71000F08F00BF0020CAF818009AF82B004007BD
:10E720004FF0040058BF052003B0BDE8F08F00BFD4
:10E730000024204603B0BDE8F08F00BF052420462A
:10E7400003B0BDE8F08F000080B582B0019040F6C4
:10E750000050C2F2000001A901224FF0FF33F9F787
:10E7600013FB019802B080BD002070472DE9F04FE7
:10E7700081B0022932D3054640690C4688422DD922
:10E78000287803282ED0022846D0012826D104EB71
:10E79000540A286AEF6A00EB5A294F454AD10AF118
:10E7A00001086FF35F2A05EB0A0100EB582A91F884
:10E7B00030B0D14540F0F8806FF35F2805EB0800DA
:10E7C00090F83000E2074BEA002108466FF31F3053
:10E7D00018BF080901B0BDE8F08F00BF012001B0EB
:10E7E000BDE8F08F286AEF6A00EBD4194F4561D17C
:10E7F00004F07F0005EB800090F8322090F8333071
:10E80000120290F8311042EA034290F830001144AD
:10E8100061F31B200CE100BF286AEF6A00EB1429AA
:10E820004F4540F08580E0B205EB4000008E01B01E
:10E83000BDE8F08FE87848B3687805F130084146C4
:10E840003A460123FEF708FA002840F0B8802A6A09
:10E85000A969BA1A00208A42E87017D2AE78022E4F
:10E8600014D368780F4441463A460123FEF7F4F981
:10E87000013E022E0AD3A96968780F4441463A4600
:10E880000123FEF7E9F9013E012EF4D8687805F17D
:10E8900030014A460123FEF7DBF901464FF0FF3015
:10E8A00000294FF0FF3108BF4946E96240F0C080BF
:10E8B000286A74E7E87840B3687805F13008414683
:10E8C0003A460123FEF7C8F9002878D12A6AA969D7
:10E8D000BA1A00208A42E87017D2AE78022E14D3FA
:10E8E00068780F4441463A460123FEF7B5F9013EE8
:10E8F000022E0AD3A96968780F4441463A4601239B
:10E90000FEF7AAF9013E012EF4D8687805F130012E
:10E910004A460123FEF79CF901464FF0FF300029DB
:10E9200018BF8146C5F82C9040F0828060E700BF98
:10E93000E87838B3687805F1300841463A46012353
:10E94000FEF78AF9D8BB2A6AA969BA1A00208A4256
:10E95000E87017D2AE78022E14D368780F4441467F
:10E960003A460123FEF778F9013E022E0AD3A9693F
:10E9700068780F4441463A460123FEF76DF9013E9F
:10E98000012EF4D8687805F130014A460123FEF7DC
:10E990005FF901464FF0FF30002918BF8146C5F8E6
:10E9A0002C9045D13FE700BFE87880B3687805F147
:10E9B000300631464A460123FEF74EF920B14FF0AA
:10E9C000FF3001B0BDE8F08F2A6AAB69A9EB020203
:10E9D00000209A42E8701AD2AF78022F17D331463E
:10E9E000687809EB0306324601238946FEF734F9BD
:10E9F000013F022F0BD34946AA6968781644324674
:10EA00000123FEF729F9013F4946012FF4D8687820
:10EA100005F1300152460123FEF71AF901464FF085
:10EA2000FF30002918BF8246C5F82CA03FF4C4AEC1
:10EA300001B0BDE8F08F00009EB0F3F7BBFD06A863
:10EA400004303421F1F760FC00244FF44030CDE96C
:10EA50000444CDE90244CDE90044F4F757FD28B160
:10EA6000EFF3108072B600BFFEE700BF30200690C3
:10EA70004FF48050102111900120CDE90E14022195
:10EA80000D90CDE914104FF40052CDE91A100C206E
:10EA9000179203250A22CDE91C0406A81695CDE994
:10EAA0001821F6F763FB28B1EFF3108072B600BFB0
:10EAB000FEE700BF1F20CDE900050020CDE90200E0
:10EAC000CDE9040068460421F6F7ACF820B1EFF375
:10EAD000108072B6FEE700BFF4F7B0FDF9F71CFE38
:10EAE000F9F73CFEF9F796FF3BA003F0A9FA40F6D0
:10EAF0000000C4F202204FF40051F3F7F3FC01468A
:10EB000041A0002202F0FEFDFBF734FC50B1F9F702
:10EB10003FFE42F25350C0F6010003F091FAF2F7C3
:10EB20003FF905E042F25660C0F6010003F088FAB2
:10EB3000F9F7B2FF42F22A60C0F6010003F080FA52
:10EB4000F9F74CFE42F2E650C0F6010003F078FA05
:10EB5000F9F7C2FE42F20860C0F6010003F070FA55
:10EB600042F2BA50C0F6010003F06AFA42F2956030
:10EB7000C0F6010003F064FA42F22950C0F6010029
:10EB800003F05EFA42F2D140C0F6010003F058FAF9
:10EB900042F2FE40C0F6010003F052FA42F2885001
:10EBA000C0F6010003F04CFA42F2B440C0F6010096
:10EBB00003F046FA21A003F043FA42F28840C0F67F
:10EBC000010003F03DFA00F085F8F9F761FD00F06F
:10EBD000A9F800BFFEE700BF5BE5889DE5A78BE5D0
:10EBE0008C965D204750494F2F4943414348452F5C
:10EBF000554152543120E5889DE5A78BE58C96E57B
:10EC0000AE8CE688900D00005BE5889DE5A78BE55E
:10EC10008C965D2053442044455428504331332979
:10EC20003D25752C20696E7365727465645F6C6533
:10EC300076656C3D25750D0A000000002020E4B8C3
:10EC4000B2E58FA33A205041392F50413130203165
:10EC500031353230306270730D00000010B5EFF3C3
:10EC6000058119B16FF0050010BD00BF044602F028
:10EC700061FA012808D1002C04BF002010BD2046F5
:10EC800001F020FC002010BDEFF310800028E9D136
:10EC9000EFF311800028E5D1EDE70000EFF30580E8
:10ECA000002818BF02F05CBA80B502F043FA0128D0
:10ECB000BDE8804002D102F04DBA00BFEFF31080F2
:10ECC00028B9EFF31180002808BF02F043BA02F020
:10ECD00047BA000080B5EFF3058018B16FF005006A
:10ECE00080BD00BF02F026FA012811D102F022FAFD
:10ECF00001284FF0FF3018BF80BD40F2CC11C2F2A6
:10ED000000010A68002A02BF01200860002080BDBF
:10ED1000EFF310800028E1D1EFF311800028DDD15E
:10ED2000E4E7000010B5EFF3058018B16FF00504BB
:10ED3000204610BD02F0FEF9012819D102F0FAF9BF
:10ED400001284FF0FF3410D140F2CC10C2F2000085
:10ED50000168012909D14EF61F51CEF200010024AD
:10ED60000C700221016001F0F9FC204610BD00BFCB
:10ED7000EFF310800028D9D1EFF311800028D5D10E
:10ED8000DCE70000B0B50C46EFF3058111B16FF080
:10ED90000500B0BD054602F0CDF9012812D125F0DD
:10EDA0000100002804BF6FF00300B0BD15F00101A1
:10EDB00012D1214602F03AF8012804BF0020B0BD6C
:10EDC00011E000BFEFF310800028E0D1EFF31180D5
:10EDD0000028DCD1E3E700BF214602F0E5F8012876
:10EDE00004BF0020B0BD6FF00100002C08BF6FF021
:10EDF0000200B0BD70B5EFF3058119B100252846BA
:10EE000070BD00BF044602F095F9012810D1E4B1AD
:10EE100060680107F2D4D4E9021200F0010089B160
:10EE2000502AEBD330BB012001F0ECFD10E000BF15
:10EE3000EFF310800028E1D1EFF311800028DDD13D
:10EE4000E5E700BF002AD9D1C0B9012001F0A0FD3B
:10EE500005460026002C18BF002D18D1B5FA85F004
:10EE6000400986F00101084308BF45F00105284626
:10EE700070BD00BF042001F0C5FD02E0042001F0D8
:10EE800087FD05460126002C18BF002DE6D021681D
:10EE900000291CBF284601F025FADFE710B5EFF383
:10EEA000058119B16FF0050010BD00BF044602F0E6
:10EEB00041F9012814D124F00100002804BF6FF0AB
:10EEC000030010BD14F0010114D100210022002321
:10EED00001F000FE013818BF6FF0020010BD00BF46
:10EEE000EFF310800028DDD1EFF311800028D9D195
:10EEF000E1E700BF01F0D0FE013818BF6FF002005B
:10EF000010BD0000F0B585B000230C460493EFF36C
:10EF1000058119B1184605B0F0BD00BF164605467B
:10EF200002F008F9012801D165B951E0EFF3108032
:10EF300000284DD1002DEFF311804FF00003E9D0F0
:10EF40000028E7D176B3B069002808BF1820382818
:10EF50003ED83179C9073BD1D6F814E0D6E902C7CB
:10EF60004FEA9E023168BEF1000F134608BF8023AE
:10EF7000BCF1000F28D0602F2AD3BEF1000F4FF054
:10EF80000003C7D03669002EC4D0CDE9000628465C
:10EF90002346CDF808C002F09DF80346184605B098
:10EFA000F0BD00BF0021802318209AB204AF00906A
:10EFB00028462346019702F05DF801280CBF049B08
:10EFC0000023184605B0F0BD17B93269002AECD00D
:10EFD0000023184605B0F0BD10B5EFF3058119B157
:10EFE0006FF0050010BD00BF044602F0A3F8012831
:10EFF00012D1002C04BF6FF0030010BD2046FDF7B6
:10F0000045FE042804BF6FF0020010BD204601F049
:10F010008BFA002010BD00BFEFF310800028DFD175
:10F02000EFF311800028DBD1E3E70000F0B581B0F9
:10F0300040F2B406C2F200060D46B76931680446D4
:10F04000081D00F06BFF601C18D1BDB1306831683D
:10F0500032683368D6F800C056F8585F7468CCF848
:10F060001460A7688460CF60A068111D4160181DFE
:10F07000A060681C306001B0F0BD00BF3068E419CA
:10F08000446007D3306A3168043101B0BDE8F04014
:10F0900000F08ABFF0693168043100F085FF306B01
:10F0A000844238BF346301B0F0BD00002DE9F04365
:10F0B00081B0044600F0B8FF40F2B407C2F2000786
:10F0C000F86840F684650130F8603868C2F20005DF
:10F0D00050B13869002840F007813868E16AC06A99
:10F0E000884298BF3C60FFE03C60F868012840F02F
:10F0F000FB80284600F048FF05F1140000F044FFB3
:10F1000005F1280000F040FF05F13C0000F03CFF55
:10F1100005F1500000F038FF05F1640000F034FF05
:10F1200005F1780000F030FF05F18C0000F02CFFB5
:10F1300005F1A00000F028FF05F1B40000F024FF65
:10F1400005F1C80000F020FF05F1DC0000F01CFF15
:10F1500005F1F00000F018FF05F5827000F014FFD3
:10F1600005F58C7000F010FF05F5967000F00CFFAF
:10F1700005F5A07000F008FF05F5AA7000F004FF87
:10F1800005F5B47000F000FF05F5BE7000F0FCFE60
:10F1900005F5C87000F0F8FE05F5D27000F0F4FE39
:10F1A00005F5DC7000F0F0FE05F5E67000F0ECFE11
:10F1B00005F5F07000F0E8FE05F5FA7000F0E4FEE9
:10F1C00005F5027000F0E0FE05F5077000F0DCFECA
:10F1D00005F50C7000F0D8FE05F5117000F0D4FEB6
:10F1E00005F5167000F0D0FE05F51B7000F0CCFEA2
:10F1F00005F5207000F0C8FE05F5257000F0C4FE8E
:10F2000005F52A7000F0C0FE05F52F7000F0BCFE79
:10F2100005F5347000F0B8FE05F5397000F0B4FE65
:10F2200005F53E7000F0B0FE05F5437000F0ACFE51
:10F2300005F5487000F0A8FE05F54D7000F0A4FE3D
:10F2400005F5527000F0A0FE05F5577000F09CFE29
:10F2500005F55C7000F098FE05F5617000F094FE15
:10F2600005F5667000F090FE05F56B7000F08CFE01
:10F2700005F5707000F088FE05F5757000F084FEED
:10F2800005F57A7000F080FE05F57F7000F07CFED9
:10F2900005F5826000F078FE05F2244000F074FE6F
:10F2A00005F5876000F070FE05F24C4000F06CFE42
:10F2B00040F29018C2F2000808F11409484600F024
:10F2C00063FE08F12806304600F05EFE404600F07E
:10F2D0005BFE07F1440000F057FE07F1580000F014
:10F2E00053FEC7F81C903E627868796A421CE06A57
:10F2F0007A608842626488BF786200EB8000261DD5
:10F3000005EB80014A6861619368A260E3609368DD
:10F3100096605E6055F82010013145F8201000F02D
:10F3200093FE386950B13868E16AC06A884205D2F4
:10F3300001B0BDE8F04300F0C9BF00BF01B0BDE8B7
:10F34000F083000040F2B40540F68466C2F2000586
:10F35000C2F2000606E000BF206B00F08DFE2046E2
:10F3600000F08AFEA868B8B100F05EFE286DC4689F
:10F37000201D00F0D3FDE8680138E860A868013876
:10F38000A86000F061FE94F85D000228EAD0012830
:10F39000E5D00028E0D02DE03068022828BF00F03A
:10F3A00095FF686A2968C96A0029DBD1316800289D
:10F3B000D8D10129D6D8286BA969401A0228D1D3FF
:10F3C000686901306861286BA969884216D3686A48
:10F3D0002968C96A51B9316840B9012906D8286B32
:10F3E000A969401A022828BF00F0ECFE02F08EF84E
:10F3F000B8E700BF00F086FDFEE700BF00F082FD29
:10F40000FEE700002DE9F0470A9C8146206B164676
:10F410000F46DDF820A09100A5229846F0F76DFF79
:10F42000206B002F5AD0397884F8341039780029AD
:10F430004AD0797884F835107978002944D0B978A1
:10F4400084F83610B97800293ED0F97884F837105E
:10F45000F978C9B3397984F838103979A1B3797951
:10F4600084F83910797979B3B97984F83A10B9798F
:10F4700051B3F97984F83B10F97929B3397A84F8D2
:10F480003C10397A01B3797A84F83D10797AD9B190
:10F49000B97A84F83E10B97AB1B1F97A84F83F109C
:10F4A000F97A89B1397B84F84010397B61B1797B75
:10F4B00084F84110797B39B1B97B84F84210B97B6B
:10F4C00011B1F97B84F84310002184F84310BAF19C
:10F4D000380F09D300F016FDFEE700BF002184F8C5
:10F4E0003410BAF1380FF5D200EB8600099F0438CA
:10F4F00020F007060025201DC4F82CA0C4E913A5A0
:10F5000000F04EFD04F1180000F04AFDCAF1380089
:10F51000216BA06130464A46434624616462C4E9D7
:10F52000155584F85C5000F047FC002F206018BF90
:10F530003C60BDE8F08700002DE9F047804601F00F
:10F5400009FE40F2201AC2F2000ADAF810108146D1
:10F5500088420ED30020C8F800004846CAF8109030
:10F56000BDE8F08700F0FE0086F82800316A3046DA
:10F570008847DAF80800016801B3C068C668046803
:10F58000371D384600F0CAFC96F828004107E9D537
:10F59000B069051900197560366108D2316A3046C4
:10F5A0008847B0692918054475603661F6D3DAF8E2
:10F5B0000C00394600F0F8FCD8E700BFDAF80C1070
:10F5C000CAE902100120C8F800004846CAF81090A5
:10F5D000BDE8F08710B582B00020019040F218001D
:10F5E000C2F20000046800F08DFC601C08D000BF6F
:10F5F000FEE700BF019830B9019820B9019810B911
:10F6000001980028F6D002B010BD000086B040F28C
:10F61000201B0DF10809C2F2000B0DF1040800BF18
:10F62000DBF808000668002E1ABFC06807680027CC
:10F6300001F006F94846FFF77FFF029911B101F08A
:10F6400065FF4AE005463EB3AF4225D801F05EFFB4
:10F65000DBF80800C068C66806F1040A504600F0EE
:10F660005DFC96F82800410709D400F0FE002FE069
:10F67000E91B814226D3316A304688472746B06964
:10F680003661C419AC427460F2D9BD4201D2BC42A9
:10F69000F1D2DBF8080017E016B1002206E000BF47
:10F6A000DBF80C000068B0FA80F04209DBF80000DB
:10F6B000791B00F0A7FE01F029FF70B900F006FEEB
:10F6C0000BE000BFDBF80C00514600F06DFC01E0E0
:10F6D00086F82800316A30468847DBF80000494642
:10F6E000002201F0F5FA00289AD00298B0F1FF3F0D
:10F6F00006DCDDE903200599904702980028ECD448
:10F70000049E706900281CBF301D00F007FC4046B5
:10F71000FFF712FF029901390829DED80746DFE812
:10F7200001F005051B234505051B230096F828104D
:10F73000039AB06941F0010386F8283083183546F2
:10F7400045F8043FBB42366126D9974201D2934225
:10F7500034D2DBF8080024E096F8280000F0FE0020
:10F7600086F82800B9E700BF96F8280040F00101AC
:10F77000039886F828100028B06143D038443146F9
:10F7800041F8040F3661B8428CBFDBF80800DBF8A3
:10F790000C0000F009FCA0E7BA1A82420ED2DBF896
:10F7A0000C00294600F000FC97E700BF96F82800FF
:10F7B0008107D3D4304600F05FFC8EE74A0703D4BC
:10F7C00001F0FE0084E700BF0399014408E000BF98
:10F7D000791A814210D3316A30468847B069214690
:10F7E0000C18BC4274603661F2D98F4201D28C424F
:10F7F000F1D2DBF8080001E0DBF80C00294600F04C
:10F80000D3FB67E700F07EFBFEE70000F0B581B0B8
:10F81000044600F009FC94F94560012E0FDB04F169
:10F82000240500BF286850B1284601F0F3FD0028E8
:10F8300018BF00F0E5FE70B2013E0128F2DCFF26A1
:10F8400084F8456000F000FC00F0EEFB94F9447091
:10F85000012F0EDB04F11005286850B1284601F095
:10F86000D9FD002818BF00F0CBFE78B2013F012877
:10F87000F2DC84F8446001B0BDE8F04000F0E4BB85
:10F880002DE9F04F81B0022940D3044640690E466D
:10F89000884241D920789146032843D0022869D074
:10F8A000012839D106EB560B206AD4F82CA000EBC6
:10F8B0005B28C24572D10BF1010A6FF35F2B04EB99
:10F8C0000B0016F0010500F130000FBF5FFA89F15F
:10F8D000017801F00F0169F30B11226A017002EB4C
:10F8E0005A260120B045E07040F01A816FF35F2A7C
:10F8F00004EB0A00002D00F1300040F04F81017848
:10F90000C9F3032201F0F001114449E1022738460E
:10F9100001B0BDE8F08F00BF0227384601B0BDE856
:10F92000F08F00BF206AD4F82CA000EBD618C24597
:10F9300076D106F07F0004EB800009F0706290F849
:10F94000331080F8309001F0F00142EA01614FEA93
:10F95000192280F831204FEA1942090E80F832202E
:10F9600080F8331001200027E070384601B0BDE870
:10F97000F08F00BF206AD4F82CA000EB1628C245F7
:10F9800040F08E80F0B204EB40000027A0F83090E9
:10F990000120E070384601B0BDE8F08FE07868B330
:10F9A000607804F130052946524601230127FDF70E
:10F9B00053F90028ABD1226AA369AAEB0202002006
:10F9C0009A42E0701AD22946A578022D16D36078A3
:10F9D0000AEB03073A4601238A46FDF73DF9013D4C
:10F9E000022D0BD35146A269607817443A46012391
:10F9F000FDF732F9013D5146012DF4D8607804F14C
:10FA00003001424601230127FDF722F90028404634
:10FA100018BF4FF0FF30E0627FF479AF4BE700BFD3
:10FA2000E07860B3607804F1300B59465246012308
:10FA30000127FDF711F900287FF469AF226AA16957
:10FA4000AAEB020200208A42E07018D2A578022DAB
:10FA500015D360780AEB010759463A460123FDF7B2
:10FA6000FBF8013D022D0AD3A16960780F44594685
:10FA70003A460123FDF7F0F8013D012DF4D86078F6
:10FA800004F13001424601230127FDF7E1F8002887
:10FA900018BF4FF0FF38C4F82C807FF438AF48E728
:10FAA000E07860B3607804F1300B59465246012388
:10FAB0000127FDF7D1F800287FF429AF226AA16958
:10FAC000AAEB020200208A42E07018D2A578022D2B
:10FAD00015D360780AEB010759463A460123FDF732
:10FAE000BBF8013D022D0AD3A16960780F44594645
:10FAF0003A460123FDF7B0F8013D012DF4D86078B6
:10FB000004F13001424601230127FDF7A1F8002846
:10FB100018BF4FF0FF38C4F82C807FF4F8AE31E7FF
:10FB2000607804F1300B5946424601230127FDF766
:10FB300093F800287FF4EBAE226AA169A8EB0202D9
:10FB400000208A420095E07018D2A578022D15D3C6
:10FB5000607808EB010759463A460123FDF77CF827
:10FB6000013D022D0AD3A16960780F4459463A46F7
:10FB70000123FDF771F8013D012DF4D86078594655
:10FB8000324601230127FDF763F8002818BF4FF024
:10FB9000FF36009DE6627FF4BAAEA7E6C9F307110F
:10FBA00001700120E0700027384601B0BDE8F08FF9
:10FBB000F0B581B0044600F043FE40F26810C2F296
:10FBC0000000416841B1017801292AD00021214279
:10FBD00040F08C8029E000BF41F2E421C2F2000134
:10FBE000CB1D23F0070311F00702A1EB030718BF99
:10FBF000194600234FF48046C0E90613002A18BFB7
:10FC000007F580468A19083A22F007024260C2E9E5
:10FC100000334368521AC1E900320121C0E90222CF
:10FC200001704FF00041214260D104F10803092B1B
:10FC30005CD314F007010AD0591A0831994255D9FA
:10FC40004A0703D000F05EF9FEE700BF0B4681686B
:10FC50005A1E8A424AD2024652F8187FBE465EF8C1
:10FC6000044F9C4230D23968D1B13D464C689C4229
:10FC70001AD20E68C6B174689C421BD23268CAB1EF
:10FC800054689C421CD21568D5B16C689C4202D263
:10FC900029680029EAD105F1040E2F4614E000BFBF
:10FCA00000F1180210E000BF01F1040E0F462A46D1
:10FCB0000AE000BF06F1040E37460A4604E000BF22
:10FCC00002F1040E1746324641688F420ED0D2F838
:10FCD00000C03D68E11A1129156040D3FA18540795
:10FCE0000ED000F00FF900BFFEE700BF002401F0C6
:10FCF0000DFC600750D000F005F900BFFEE700BF23
:10FD00005160CEF8003000F11803196891420BD20F
:10FD10000B6893420CD21968914205D20B680C46CD
:10FD20009342F2D305E000BF1C460B4601E000BF42
:10FD30000C46656851686619964202D129442246EC
:10FD4000616055189D4206D14568AB4203D0D3E9A6
:10FD50000035294451609442136018BF2260D0E9F5
:10FD60000223DEF800100CF10804511A9942816058
:10FD700038BFC1600178DEF80020002918BF42F0CA
:10FD80000042CEF80020026900213960511C016157
:10FD900001F0BCFB6007AED1204601B0F0BD000011
:10FDA00040F2B400C2F20000016819B101680A6DA6
:10FDB00001320A650068704770B540F8481D4FF081
:10FDC000807141644FF002314FF00134C0E90B41C2
:10FDD0004FF2D5514FF0123C4FF0033E4FF011352A
:10FDE000C0F6000102644FF004326FF04306C0E930
:10FDF0000953C0F834E0C0E90EC14FF0103C4FF099
:10FE0000093E4FF008334FF00531C0E9016200F1BF
:10FE10000C024FF007354FF0063432C2C0E9063EFF
:10FE2000C0F820C070BD0000F0B581B00446C078B5
:10FE300068B3E66A607804F130052946324601234A
:10FE4000FCF70AFF00281EBF012001B0F0BD226AA6
:10FE5000A169B21A00208A42E07018D2A778022F56
:10FE600015D360780E44294632460123FCF7F4FE90
:10FE7000013F022F0BD300BFA16960780E442946D1
:10FE800032460123FCF7E8FE013F012FF4D8207829
:10FE900003282DD1207901282AD104F134004FF410
:10FEA000FD71F0F731FA45F25220C4F26110254697
:10FEB00045F8300F4AF65520A5F8FE0147F27220AA
:10FEC000C6F24110C5F8E40155E909100123C5F84F
:10FED000EC112946C5F8E80155F8140C421C15F838
:10FEE0002F0C45F8042CFCF7B7FE002005F82C0C6D
:10FEF000607800210022FCF7A9FE002818BF01202D
:10FF000001B0F0BDEFF311804FF0500181F3118883
:10FF1000BFF34F8FBFF36F8F70470000D0E90132FE
:10FF20000169D1F804C09A6082688445536008BFB3
:10FF30004A6000220261086801380860086870475A
:10FF400045F2E843C2F20003036045F2E820C2F242
:10FF500000000860802010607047000045F64813DC
:10FF6000C2F20003036045F24850C2F2000008608C
:10FF70004FF480701060704780F31188BFF34F8F8B
:10FF8000BFF36F8F704700004FF0FF31024642F819
:10FF9000081F00214260C0E9032201607047000091
:10FFA000002101617047000010B5D1F800C01CF1BC
:10FFB000010213D000F1080462681368634511D888
:10FFC00053681C68644511D85A68146864450FD892
:10FFD00054682368A6466345EED90BE00269D2F85F
:10FFE00004E007E09646224604E000BF9E4601E09A
:10FFF00096461A46C1F804E0CEF808108A605160AF
:020000040801F1
:10000000086101680131016010BD0000D0F800C036
:10001000436808619A684B608A609A689960516089
:100020000CF101010160704780B5FFF76BFF40F2F2
:100030001800C2F20000016801310160BFF34F8F68
:10004000BFF36F8F80BD000080B540F21800C2F290
:100050000000016861B10168013901600068002891
:1000600018BF80BD0020BDE88040FFF785BF00BFFE
:10007000FFF748FFFEE7000070B5002808BF70BD1D
:1000800040F26815C2F200050446287854F8041CB2
:10009000002818BF4FF00040084207D0A4F108061E
:1000A00032683AB1FFF72EFFFEE700BFFFF72AFFE5
:1000B000FEE700BF21EA000044F8040C00F0C0FB9A
:1000C00054F8041CA8680844A86005F1180000BF93
:1000D0000368B3420AD21868B04225D20368B3421B
:1000E00004D218681A46B042F2D301E0024618461C
:1000F0005368D418B44202D119441646516073189B
:10010000834206D16B68984203D0D0E900031944BA
:100110007160B242306018BF166068690130686172
:10012000BDE8704001F0F2B91A465368D418B442E1
:10013000E5D1E1E780B5806910F8020C022811D101
:100140004EF68850CEF20000016841F47001016063
:10015000D0F8AC1141F04041C0F8AC11BDE880408E
:1001600000F07EB9FFF7CEFEFEE7000040F2140C6F
:10017000C2F2000CDCF8001044F6D352C1F2620265
:10018000A1FB021399096FF07F43B3FBF1F340F237
:100190005C10C2F20000C0E90131012101704EF291
:1001A0001000CEF20000002101608160DCF8001038
:1001B000A1FB02124FF0FF3101EB921141600721C8
:1001C000016070472DE9F04140F25C18C2F200086E
:1001D000D8F804104EF21006CEF200060546814211
:1001E000306838BF0D466C1E20F001003060B068EA
:1001F000D8F8081098F8002001FB0400002A18BF66
:100200002D2272B6871A98BF0746BFF34F8FBFF3F0
:100210006F8FFCF723FD48B300207760B060306833
:1002200040F0010030600020F8F796FC2846F8F70F
:1002300091FC062062B6BFF34F8FBFF36F8F72B68B
:10024000BFF34F8FBFF36F8F30603168D8F808006D
:10025000C90319D400FB05F1B268891AB1FBF0F4A7
:10026000621C02FB00F0401A1EE000BFB068706024
:10027000306840F001003060D8F808000138706044
:1002800062B6BDE8F08100BFB16898F80030421E48
:10029000C91B1144002B18BF2D238142084688BF7B
:1002A0001046994238BF104670600020B060306838
:1002B00040F001003060204600F0B0FAD8F80800A5
:1002C0000138706062B6BDE8F08100004EF604505F
:1002D000CEF200004FF080510160BFF34F8FBFF3AB
:1002E0006F8F704710B5002870D0002908BF10BD6F
:1002F00045F6A813C2F200035A6882426AD0DA684F
:10030000824269D01A4652F8084F4FF0000C002C78
:1003100018BF62461C68D3F814E0002C08BF1A46C8
:10032000864561D09E465EF8104F002C08BFF4460B
:10033000002ADEF80C4018BF9446844250D09E46F6
:100340005EF8182F002A4FF0000208BF7246DEF850
:100350000C40BCF1000F18BF624684424FF0000C05
:100360003ED09E465EF8204F002C08BFF446002A7F
:10037000DEF80C4018BF9446844231D01C4654F835
:10038000282F4FF0000E002A08BFA646BCF1000F30
:10039000E26818BFE64682424FF000022AD09C462F
:1003A0005CF8304F002C08BF6246BEF1000FDCF84D
:1003B0000C4018BF7246844220D0BAB953F8382F87
:1003C000002A1A4608BFC2E9001011E0FFF79AFDA3
:1003D000FEE700BF1A4609E003F1080206E000BF8D
:1003E0000EF1080202E000BF03F11002C2E90010A2
:1003F00010BD00BF04F10802F8E700BF0CF10802CD
:10040000F4E7000070B515460E460446FFF70CFEF3
:1004100094F84400FF2804BF002084F8440094F8B6
:100420004500FF2804BF002084F84500FFF70CFEBC
:10043000A06B28B12046BDE87040FFF7E7B900BFC8
:1004400004F1240031462A4600F0F8F82046BDE8C1
:100450007040FFF7DBB90000000000000000000062
:100460000B4A1168086806C881F30B88022181F3E2
:100470001488203080F30988BFF36F8F4FF000009D
:1004800080F31188104700BF00BF00BF00BF00BF4E
:10049000B400002000000000000000000000000088
:1004A00007480068006880F3088862B661B6BFF349
:1004B0004F8FBFF36F8F02DF00BF00BF00BF00BFD1
:1004C00008ED00E070B558B340F2B405C2F2000583
:1004D0000446686920B1FFF715FD00BFFEE700BFC5
:1004E000686901306861AE6928680430FFF716FD5D
:1004F0002868A419446005D3286A29680431FFF7E5
:1005000053FD08E0E86929680431FFF74DFD286BC9
:10051000844238BF2C6300F0F9FF002818BF70BD7B
:10052000BDE87040FFF7D2BE70B50446FFF77CFD12
:1005300040F2B406002CC2F2000608BF3468251D44
:100540002846FFF7EBFCA06A00281CBF04F1180046
:10055000FFF7E4FC30687168844201F101017160C9
:100560000AD0F0680138F060F069006890B1F06975
:10057000C068006810E000BF06F144002946FFF79C
:1005800045FDB0680130B060FFF75EFD3068844221
:1005900008D114E04FF0FF303063FFF755FD3068AD
:1005A00084420CD094F85D00022808D0012803D0C2
:1005B000C0B9206BFFF760FD2046FFF75DFD306995
:1005C00050B13068844218BF70BD706930B1FFF718
:1005D00099FC00BFFEE700BF70BD00BFBDE87040E2
:1005E000FFF774BEFFF78EFCFEE7000040F2B40197
:1005F000C2F200018A6B02608969416070470000A5
:1006000040F2B400C2F20000012181627047000094
:1006100010B578B10C4640F2B401C2F2000109688D
:100620001831FFF7C1FC20460121BDE81040FEF75C
:10063000FDBC00BFFFF766FCFEE7000070B508B325
:1006400040F2B405C2F200050E4641682B68D9613C
:100650008B682C6823622B688C6803F11803636035
:100660002B6803F118038B6029688862016801F127
:100670000101016052B14FF0FF301146BDE87040FA
:10068000FEF7D4BCFFF73EFCFEE700BFAC6928686C
:100690000430FFF743FC2868A419446006D3286A95
:1006A00029680431BDE87040FFF77EBCE86929681D
:1006B0000431FFF779FC286B844238BF2C6370BD8E
:1006C000F0B581B020B3026D04461AB3E06C8842E5
:1006D00038BF0846012A1BD1E16A814218D040F296
:1006E000B406C2F200063268A24217D0A269E062E4
:1006F000002A5CBFC0F13800A06101EB810040F628
:100700008467C2F20007616907EB8000814209D06B
:1007100001B0F0BDFFF7F6FBFEE700BFFFF7F2FB0D
:10072000FEE700BF251D2846FFF7F8FBE06A716A67
:10073000884288BF706200EB800007EB80014A6846
:1007400061619368A260E360936895605D6057F8AB
:100750002010013147F8201001B0F0BD10B588B06D
:100760000020CDE9050006A805A904AAFFF7E8FBCB
:10077000059800283ED0069C002C3FD06021049AAA
:100780000791079960293DD107992063022084F8D9
:100790005D0007A80021CDE900104FF24530C0F6FA
:1007A00000001CA100230294FEF72CFE2046FEF759
:1007B0007DFC079840F2B404C2F20004E06290B1FC
:1007C00000F04AFF411C21D001280CD1FFF79AFB11
:1007D0004FF0FF302063012020610020A061FBF773
:1007E00063FF00F093F843F23010C0F60100006898
:1007F00008B010BDFFF786FBFEE700BFFFF782FBE6
:10080000FEE700BFFFF77EFBFEE700BFFFF77AFBC6
:10081000FEE700BF49444C450000000080B540F2AF
:10082000B401C2F200018A690B6B02449A4203D9F7
:10083000FFF768FBFEE700BF8A691044886180BD4E
:1008400040F2B400C2F200004169013141617047D9
:1008500010B540F2B404C2F20004606910B1012086
:10086000A06210BD0020A062FDF77EFFE063E16B97
:10087000206C814205D9E16B2268081A536D184437
:100880005065E06B40F684612064606AC2F200014A
:1008900000EB800251F8223073B100EB800201EBD3
:1008A000820252F8041F4968131D994211601DD03D
:1008B000C9682160606210BD01EB8202283AD8B19C
:1008C0005369EBB9012817D01368DBB9022813D09C
:1008D00052F8143CC3B903280ED052F8283C04380F
:1008E000002BA2F15002EAD0D7E700BF496811609F
:1008F000C9682160606210BDFFF704FBFEE700BF1E
:100900000138CAE70238C8E70338C6E7B0B582B095
:100910004EF62050CEF20000016841F47F010160E4
:10092000016841F07F410160FFF720FC40F21804AC
:10093000C2F2000400252560FFF7B2FDFFF788FF33
:1009400001952468FFF7DEFA601C07D0FEE700BFC0
:10095000019830B9019820B9019810B90198002880
:10096000F6D0002002B0B0BD10B5FFF7CBFA0446B8
:1009700000F0FCFB30B14EF60450CEF200004FF018
:10098000805101602046BDE81040FFF7F5BA000035
:1009900070B506465020FFF70BF94FF0000578B30D
:1009A000044680F8465000600120C4E90F05FFF7B7
:1009B0003BFBD4E90F122068A56302FB0103013958
:1009C00001FB0201C4E90103FF20E16084F8440057
:1009D00084F8450004F11000FFF7D6FA04F1240072
:1009E000FFF7D2FAFFF730FB204600210022002358
:1009F00084F84C602560C4E9025500F06BF8254688
:100A0000284670BDB0B582B00B4600900120002191
:100A10000022002500F00EF8044640B120460021D7
:100A2000002200232560C4E9025500F053F8204657
:100A300002B0B0BD70B582B053B120B11C4601B94F
:100A40000AB949B142B9FFF75DFA00BFFEE700BF3E
:100A5000FFF758FAFEE700BF50230193019B502B8C
:100A600010D1019B0123002984F8463014BF226075
:100A70002460E063A0FB010221643AB1FFF742FA6F
:100A8000FEE700BFFFF73EFAFEE700BF069EFFF756
:100A9000CBFAD4E90F1220680025A56302FB0103FD
:100AA000013901FB0201C4E90103FF20E16084F880
:100AB000440084F8450004F11000FFF765FA04F1E2
:100AC0002400FFF761FAFFF7BFFA204684F84C6074
:100AD00002B070BD2DE9F04F83B0029290B11D4677
:100AE00017460E46044689B1022D02D1E06B01285B
:100AF0006CD100F01FFB88B987B1FFF703FA00BF84
:100B0000FEE700BFFFF7FEF9FEE700BF206C0028FC
:100B1000EAD0FFF7F7F900BFFEE700BFFFF784FA5E
:100B2000A06B022D56D0E16B884253D304F110081C
:100B30000120EB460DF108090DE000BF2046FEF74D
:100B400065FE00F0E3FCFFF76FFAA06BE16B8842F3
:100B50004FF000003ED30299002963D0C0071CBFAC
:100B60005846FFF743FDFFF76FFAFFF769FEFFF7FF
:100B70005BFA94F84400FF2804BF002084F8440086
:100B800094F84500FF2804BF002084F84500FFF7D3
:100B90005BFA5846494600F027FA002848D1FFF78B
:100BA00043FAA76BD4F83CA0FFF74EFA5745C5D1DE
:100BB00002994046FFF72CFD2046FEF727FE00F085
:100BC000A5FC0028BFD1FFF781FBBCE7FFF79AF92E
:100BD000FEE700BFA76B226CD2B19DB3E06831463F
:100BE000EFF779FBE168206C2268091A9142E16015
:100BF00003D2A16840420844E060A81EB0FA80F029
:100C000040093946002F18BF012108403F1A26E04D
:100C10002068002520BBA06800F062FBA5600546A7
:100C20001EE000BFFFF710FA002003B0BDE8F08F10
:100C30002046FEF7EBFD00F069FC002003B0BDE8A4
:100C4000F08F00BF60683146EFF745FBD4E9010241
:100C5000216C08449042606001D3206860600025E8
:100C6000781CA06354F8240F60B1204600F0D2FB3A
:100C700008B1FFF72BFBFFF7E7F9012003B0BDE850
:100C8000F08F00BF002D18BFFFF720FBFFF7DCF946
:100C9000012003B0BDE8F08FB0B5A8B18568044667
:100CA00000F042FA85421CBF0020B0BDE068013868
:100CB000E0601CBF0120B0BD2046002100220023BF
:100CC000FFF708FF0120B0BDFFF71CF9FEE70000A9
:100CD0002DE9F04784B0039260B116460D460446F4
:100CE00091B300F027FA48B946B1FFF70BF900BFFE
:100CF000FEE700BFFFF706F9FEE700BFFFF794F934
:100D0000A76B4FB3226C52B1D4E902308118E16075
:100D1000994224BF2168E1602846EFF7DCFA781E8B
:100D2000A06354F8100F002872D0204600F072FB28
:100D3000002818BFFFF7CAFA0126FFF785F93046E9
:100D400004B0BDE8F08700BF206C0028C9D0FFF7D1
:100D5000D9F800BFFEE700BF002E4FF0000658D0C4
:100D60000DF1040A504604F12408FFF73FFC0DF191
:100D70000C0900BFFFF768F9FFF762FDFFF754F9B0
:100D800094F84400FF2808BF84F8446094F84500B4
:100D9000FF2808BF84F84560FFF756F950464946DA
:100DA00000F022F960B12046FEF730FD00F0AEFB06
:100DB000FFF73AF9A76BFFF747F9CFB930E000BF6B
:100DC000FFF732F9A76BFFF73FF92FB12046FEF787
:100DD0001DFD00F09BFB0BE003994046FFF718FC5C
:100DE0002046FEF713FD00F091FB08B9FFF76EFAFD
:100DF000FFF71AF9A76B002F7FF484AF0398002840
:100E0000B8D10026FFF720F9304604B0BDE8F087DE
:100E10000126FFF719F9304604B0BDE8F08700BF9E
:100E20000026304604B0BDE8F08700002DE9F04709
:100E300084B0039130B10446006C38B1FFF762F81A
:100E4000FEE700BFFFF75EF8FEE700BF0D4600F0CB
:100E500071F928B925B1FFF755F800BFFEE700BFCB
:100E6000FFF7E2F8A16BB9B1481EA063206810B982
:100E7000FEF796FFA06054F8100F30B1204600F046
:100E8000C9FA002818BFFFF721FA0124FFF7DCF8A0
:100E9000204604B0BDE8F08704F124094FF0000AB1
:100EA000012001AE03AF4FF0000811E02046FEF72D
:100EB000ADFC00F02BFBFFF7B7F8A56BFFF7C4F80C
:100EC000002D53D0FFF7B0F8A16B00200029CBD143
:100ED0000399002942D0C0071CBF3046FFF786FBAC
:100EE000FFF7B2F8FFF7ACFCFFF79EF894F8440068
:100EF000FF2808BF84F844A094F84500FF2808BFE5
:100F000084F845A0FFF7A0F83046394600F06CF8A9
:100F10000028CBD1FFF788F8A56BFFF795F82DB126
:100F20002046FEF773FC00F0F1FACBE7206838B9F1
:100F3000FFF77AF8A06800F019FA8046FFF784F806
:100F400003994846FFF764FB2046FEF75FFC00F07C
:100F5000DDFA0028B6D1FFF7B9F9B3E7B8F1000F11
:100F600014D0FEF7CFFF00BFFEE700BFB8F1000FBF
:100F700014D0FFF759F8606A00280FBF0021206BDA
:100F80000068C0F13801A068FFF79AFB0024FFF762
:100F90005BF8204604B0BDE8F08700BF002420467F
:100FA00004B0BDE8F087000070B598B186680446CB
:100FB0000D4600F0B9F8864210D020462946FFF7CA
:100FC00035FF002804BF002070BDE1680131E160F9
:100FD00070BD00BFFEF796FFFEE700BF0120E1688D
:100FE0000131E16070BD0000B0B5E8B10D46F9B166
:100FF0000446FFF719F840F2B40CC2F2000CDCF81A
:1010000018202968481C17D06368DCF838E09A4239
:1010100018D32068864515D0002028600124FFF7EA
:1010200013F82046B0BD00BFFEF76CFFFEE700BF1F
:10103000FEF768FFFEE700BF0024FFF705F8204633
:10104000B0BD00BFD01A81420CD9081A2860DCF864
:1010500038002060DCF8180060600024FEF7F4FF20
:101060002046B0BD002001242860FEF7EDFF204699
:10107000B0BD00002DE9F04383B0074690009846CC
:1010800015468946FEF794FDF8B106466020FEF746
:101090008FFDB8B10446DDE90A100022266384F80A
:1010A0005D20CDE90010384649462A464346029461
:1010B000FEF7A8F92046FDF7F9FF012003B0BDE8CF
:1010C000F08300BF3046FEF7D7FF4FF0FF3003B08C
:1010D000BDE8F08370B586B00B9CCCB10C9EDEB140
:1010E00060250495049D602D1AD1049DDDF828C06B
:1010F000022586F85D5005AD3463CDE900C5029642
:10110000FEF780F93046FDF7D1FF059806B070BDB7
:10111000FEF7F8FEFEE700BFFEF7F4FEFEE700BFB5
:10112000FEF7F0FEFEE7000040F2B400C2F200005D
:101130000068704740F2B400C2F200000169002963
:101140000FBF01204069B0FA80F0400918BF40008D
:101150007047000040F2B400C2F20000806970479E
:1011600040F2B400C2F20000806970472DE9F043FC
:1011700081B040F2B409C2F20009D9F8140048B1B4
:10118000D9F834000130C9F83400002001B0BDE8BE
:10119000F08300BFD9F8180010F10108C9F81880D1
:1011A00022D3D9F81C00006820B1FEF7ABFE00BFC7
:1011B000FEE700BFD9F81C00D9F82030C9F81C3070
:1011C000C9F82000D9F838000130C9F83800D9F83A
:1011D0001C00006820B1D9F81C00C068006801E05C
:1011E0004FF0FF30C9F83000D9F8300040F6846E77
:1011F0008045C2F2000E01D200205FE0D9F81C0049
:101200004FF0000C0068002850D0002022E000BF02
:10121000DD6AD9F824108D4288BFC9F8245005EB47
:1012200085010EEB810256685A61B7689E60DF60E7
:10123000B768B4607C605EF8212001324EF821204E
:10124000D9F80010C96AD9F81C208D4228BF0120A6
:10125000116879B3D9F81C30DB68DB681C4654F898
:10126000045FA84528D3D3E902765D696A68BE6049
:10127000DE68A242776008BF6E60C3F814C02A68B7
:10128000013A2A609D6A002DC2D0D3E90726696819
:1012900003F11807B94296601E6A726008BF6E605B
:1012A000C3F828C0296801392960B1E74FF0FF353C
:1012B000002001E04FF0FF35C9F83050D9F8001098
:1012C000C96A01EB81015EF82110012988BF012064
:1012D000D9F82810002918BF012001B0BDE8F0831B
:1012E00070B5002804BF002070BD40F2B406C2F201
:1012F000000604463068A04204D0FEF703FE00BF9B
:10130000FEE700BF206D68B3013820654FF0000094
:1013100018BF70BDE16AE26C914222D0251D2846BB
:10132000FEF7FCFDE06CC0F13801E062A161716A7A
:10133000884288BF706200EB800040F68461C2F290
:10134000000101EB8002536862619E68A360E66061
:101350009E689D60756051F82020013241F8202080
:10136000012070BDFEF7CEFDFEE70000F0B581B0B4
:1013700010B340F2B406C2F200060446C06A3168F7
:10138000C96A88421CD2A169002904D43168C96A9B
:10139000C1F13801A16100EB800040F68467C2F220
:1013A0000007616907EB8000814213D03068C06A92
:1013B000E062012001B0F0BD002001B0F0BD00BF2F
:1013C000E16C3068C26A0020914238BF012001B050
:1013D000F0BD00BF251D2846FEF7A0FD3068C06A9D
:1013E000E062716A884288BF706200EB800007EBA0
:1013F00080014A6861619368A260E36093689560C8
:101400005D6057F82010013147F82010012001B02D
:10141000F0BD000070B5C068C06858B3D0E90723BC
:10142000816A00F1180ED1F804C09360036AF44594
:101430005A6008BF4B60002282620A6840F2B40C16
:10144000013A0A60C2F2000CDCF81410B1B140F2AB
:101450009011C2F200010A684B6801329C68C361B6
:1014600004629C68C3F808E0C4F804E081620A6082
:10147000C26A41E0FEF746FDFEE700BFD0E9023157
:10148000426900F1040E54689960C16874454B606C
:1014900008BF516000214161116840F68463013941
:1014A0001160C26ADCF82410C2F200038A4288BFCD
:1014B000CCF8242002EB820103EB810465684461CF
:1014C000AE688560C660AE68C5F808E0C6F804E09E
:1014D00053F82100013043F82100DCF81C000068BB
:1014E00030B1DCF81C00C0680068CCF8300003E0C4
:1014F0004FF0FF30CCF83000DCF80000C06A8242C8
:1015000092BF00200120CCF8280070BD2DE9F043E7
:1015100081B040F2B409C2F20009D9F8140088B1D0
:10152000FEF782FDD9F814000138C9F81400D9F883
:10153000140058B10024FEF787FD204601B0BDE835
:10154000F08300BFFEF7DEFCFEE700BFD9F80C0019
:101550000028EFD040F2901EC2F2000EDEF800002C
:1015600000285BD040F684624FF00008C2F200020F
:101570004FF0010CDEF80C00C368D3E90775986AD8
:1015800003F118064168BD601D6AB1426F6008BF73
:101590004560C3F82880016801390160181DD3E94E
:1015A00002165D696F688E60DE688742716008BFF1
:1015B0006E60C3F81480296801392960DD6AD9F8A2
:1015C00024108D4288BFC9F8245005EB850102EB39
:1015D000810677685E61BC689F60DC60BC68B8604B
:1015E000606052F82100013042F82100D9F8000073
:1015F000C06A854228BFC9F828C0DEF8000000286C
:10160000B8D1D9F81C00006820B1D9F81C00C06816
:10161000006801E04FF0FF30C9F83000D9F83450CD
:101620005DB10126FFF7A2FD002818BFC9F82860A8
:10163000013DF7D10020C9F83400D9F8280000286E
:101640003FF478AFFEF742FE0124FEF7FDFC204692
:1016500001B0BDE8F083000070B586B0FEF7E4FC91
:1016600040F22016C2F20006306808BB06F11404EE
:101670002046FEF789FC06F128052846FEF784FC83
:1016800040F6945240F63463C6E9024500250A202C
:10169000C2F200021021C2F200030095FFF7CAF95E
:1016A000306028B142F67821C0F60101FEF71AFE3B
:1016B000FEF7CAFC3068E0B10020CDE9040005A8BF
:1016C00004A903AAFEF74AFCDDE903200221059DD7
:1016D0000023CDE900104FF20D60C0F6000007A115
:1016E0000295FFF7F7FC002870601EBF012006B0CE
:1016F00070BDFEF707FC00BFFEE700BF546D72200F
:10170000537663000FB4054B10B503A9044A029841
:1017100000F0F4F810BC5DF814FB000049E7000885
:10172000000000200FB47CB50C0009AD01D0611E93
:1017300000E00021CDE90001064B6A4629460898E1
:1017400000F0DCF8002C02D0009A002111707CBC63
:101750005DF814FB2B20010802E008C8121F08C125
:10176000002AFAD170477047002001E001C1121F22
:10177000002AFBD1704700002DE9FF5F82B00021F5
:10178000DDE90430020DDDF840B0034318D044F623
:101790001050A2F2FF3242431514119801281FD0B5
:1017A000A5EB0B00401C5FEA000A4FF000064E4F0D
:1017B000DFF83891B046504615D5CAF1000413E061
:1017C000119801244AA3012801D16FEA0B01029864
:1017D000119AC0E90031C0E9024206B0BDE8F09FAD
:1017E000CBF10000DFE704460021404A491842EBF4
:1017F0000450CDE9001012E0E00707D032463B4626
:1018000040464946EEF787FE8046894632463B46CB
:1018100010461946EEF77FFE06460F466410002C70
:10182000EAD1DDE90401DDE90023BAF1000F06DAAF
:10183000EEF771FE42464B46EEF76DFE05E0EEF721
:10184000DCFE42464B46EEF7D8FE04460E4600222A
:10185000284BEEF759FF03D84FF0FF30014607E061
:101860000022254B20463146EEF7AEFDEEF734FF61
:10187000102409E0002C0ADB0A220023EEF7FAFC10
:10188000039B30321A55641E50EA0102F2D1641CE7
:10189000039AC4F111031444119A012A03D00122BE
:1018A00008430DD10AE0084304D000204FF0110B8B
:1018B000119072E7A3EB0B056D1E0DE05B4504DD97
:1018C0004FF0000205F1010504E003DA4FF00002D9
:1018D000A5F10105002AECD002981199C0E9023166
:1018E000C0E9004579E70000000014400000F03F27
:1018F000300000000000F0430000E03F2DE9FF4F02
:1019000095B09B468946064600250FE2252877D1EB
:1019100000242746F84A0121059400E0044316F804
:10192000013F203B01FA03F01042F7D130782A281A
:1019300011D06FF02F033078A0F13002092A16D8A9
:10194000059A44F0020402EB820203EB42021044C7
:10195000761C0590EFE759F8042B0592002A03DA6C
:10196000504244F40054059044F00204761C307850
:101970002E2816D116F8010F44F004042A280DD0A1
:101980006FF02F023078A0F13003092B09D807EB54
:10199000870302EB4303C718761CF3E759F8047B6F
:1019A000761C30786C280FD006DC4C2817D06828BD
:1019B0000DD06A2814D104E0742810D07A280FD1F1
:1019C0000DE044F400140AE044F4801401E044F40F
:1019D00040147278824202D104F58014761C761C81
:1019E000307866280BD013DC582877D009DC002823
:1019F00075D04528F6D04628F4D047281AD19DE165
:101A000018E0632835D0642879D0652812D195E193
:101A1000702873D008DC6728F1D069286FD06E2851
:101A20000DD06F2806D1B5E073282CD0752875D05D
:101A3000782874D05A46179990476D1C75E1C4F305
:101A40000250022809D003280DD0D9F8001004282C
:101A50000DD00D6009F1040967E1D9F80010EA170B
:101A6000C1E90052F6E7D9F800100D80F2E70D70D9
:101A7000F0E719F8041B8DF8001000208DF8010024
:101A8000EA46012003E059F804AB4FF0FF3061074C
:101A90004FF0000102D40DE008F101018846B9427F
:101AA0000FDA8045F8DB1AF808100029F4D108E0B5
:101AB00008F1010188468142FADB1AF80810002972
:101AC000F6D105985B46A0EB080721463846179AE1
:101AD00000F094FA284400EB080507E04DE029E106
:101AE0000DE01AF8010B5A4617999047B8F1010812
:101AF000F7D25B4621463846179A13E142E00A22A4
:101B00000092C4F302524FF0000A022A08D059F89A
:101B100004CB032A4FEAEC710AD00DE029E02AE059
:101B200009F1070121F00702F2E802C1914609E03C
:101B30000FFA8CFC4FEAEC71042A03D14FFA8CFCAB
:101B40004FEAEC71002907DA0A460021DCF1000CAB
:101B500061EB02012D2202E0220504D52B228DF833
:101B60000420012203E0E20701D02022F7E790469B
:101B700059E00A2102E010220DE010214FF0000A86
:101B800000910BE010224FF0000A44F004040827F3
:101B9000009203E008224FF0000A0092C4F30252C0
:101BA000022A05D059F804CB0021032A08D009E005
:101BB00009F1070121F00702F2E802C1914605E0B0
:101BC0001FFA8CFC042A01D10CF0FF0C4FF0000826
:101BD000220728D5702806D0009B83F0100353EA13
:101BE0000A0305D00EE040228DF80420012208E00F
:101BF0005CEA010206D030228DF804208DF8050041
:101C000002229046009B83F0080353EA0A030AD19C
:101C10005CEA010201D1620705D530228DF804206B
:101C20004FF001087F1E582804D034A003900EA85E
:101C300002900DE036A0F9E753466046009AEEF7B1
:101C400019FB84460398825C0298401E0290027041
:101C50005CEA0100F0D1029806A9081A00F1200AF6
:101C6000600702D524F4803400E00127574502DDE7
:101C7000A7EB0A0000E0002000EB0A0100900598A5
:101C80004144401A0590E00306D45B462146179A6A
:101C9000059800F0B3F90544002706E001A85A466C
:101CA000C05D179990476D1C7F1C4745F6DBE0032C
:101CB0000CD55B462146179A059800F09FF905441C
:101CC00004E030205A46179990476D1C0099481E31
:101CD00000900029F5DC08E0029802995A46007845
:101CE000491C0291179990476D1CBAF10001AAF1A5
:101CF000010AF1DC65E100000928010030313233CE
:101D00003435363738396162636465660000000037
:101D10003031323334353637383941424344454621
:101D20000000000000F058F90544761C30780028C7
:101D30007FF4ECAD19B02846BDE8F08F620700D4FF
:101D4000062709F1070222F0070CFCE80223E1460E
:101D500003F000485FEA080C02D00FF2702C0DE08F
:101D60005FEA045C02D50FF2682C07E05FEAC47CEE
:101D700002D00FF2602C01E0AFF2700C4FF0FF3890
:101D800023F00043CDF850C065280CD006DC452870
:101D900009D046281DD047283DD13DE0662818D0FF
:101DA00067287ED138E00021112F01DB112000E0EF
:101DB000781CCDE9000106A90EA8FFF7DDFCDDE9DE
:101DC0000F010E9A03910021009207F1010A04917C
:101DD0004DE04FF000400097CDE9011006A90EA894
:101DE000FFF7CAFCDDE90F0203920E9B1199002256
:101DF000DDF80CA00093049211B9791C00EB010AE4
:101E0000B7EB0A0004D4C0F1FF3007F1010A0490D7
:101E1000AAEB0700019044E0012F00DA012700211E
:101E2000112F01DD112000E03846CDE9000106A99F
:101E30000EA8FFF7A1FCDDE90F010E9A0391002126
:101E400004910092BA4621070CD40399514500DA57
:101E50008A46BAF1010F05DD009AAAF10101515C31
:101E6000302908D0B84202DA10F1040F06DA012155
:101E7000CDE9011015E0AAF10101E9E7002805DC30
:101E8000049901440491AAEB000102E0411C514570
:101E900000DD8A460499401A401C01904FF0004032
:101EA0000290200704D40198504501DBCDF804804E
:101EB00000208DF84F0002980DF14F07B0F1004F50
:101EC00025D02B200E9002984FF0020800280CDA43
:101ED000404202902D200E9007E00A210298EEF772
:101EE0003EFA3031029007F8011DB8F10001A8F167
:101EF0000108F2DC02980028EFD1791E0E980870D4
:101F0000307800F0200040F0450007F8020D12A8DC
:101F1000C01B00F107081498007800B1012000EB05
:101F20000A01019801EBE07105984144401A401EF6
:101F30000590E00306D45B462146179A059800F009
:101F40005DF805441498007818B15A4617999047DF
:101F50006D1CE00324D55B462146179A059800F0D6
:101F60004DF805441CE00498002807DBDDE9030177
:101F7000884203DD0098405C179901E017993020F2
:101F80005A469047049805F10105401C04900198B9
:101F9000401E019004D12E205A46179990476D1C7F
:101FA000BAF10001AAF1010ADDDC05E017F8010B26
:101FB0005A46179990476D1CB8F10001A8F1010825
:101FC000F4DC5B462146179A0598ABE62D0000002D
:101FD0002B000000200000002DE9F0410446002500
:101FE0001E461746880404D405E039462020B04731
:101FF0006D1C641EF9D52846BDE8F0812DE9F0413D
:10200000044600251E469046C80301D5302700E04F
:102010002027880404D505E041463846B0476D1CAA
:10202000641EF9D52846BDE8F0814A68002A06D02A
:102030000A68531C0B6010704868401E4860704767
:1020400010B5044601E0FCF77FFB14F8010B0449CE
:102050000028F8D1BDE810400A20FCF775BB00004D
:10206000000000204008400C01010000D2290108B6
:10207000092A0108152A01086B2A0108812901088B
:10208000C72901088C2901083B290108492A0108B0
:10209000372A01085E290108AF2901084F290108E4
:1020A000D829010871290108522A01084529010887
:1020B0009C290108202A0108F4290108092A01089D
:1020C000152A01086B2A010881290108C72901087E
:1020D0008C2901083B290108492A0108372A0108EF
:1020E0005E290108AF2901084F290108D8290108F4
:1020F00071290108522A0108452901089C29010873
:10210000202A0108F4290108000000000000000056
:10211000010203040607080900000000010203048D
:10212000809A45418E418F804545454949498E8F6A
:102130009092924F994F555559999A9B9C9D9E9F6D
:1021400041494F55A5A5A6A7A8A9AAABACADAEAF6E
:10215000B0B1B2B3B4B5B6B7B8B9BABBBCBDBEBF07
:10216000C0C1C2C3C4C5C6C7C8C9CACBCCCDCECFF7
:10217000D0D1D2D3D4D5D6D7D8D9DADBDCDDDEDFE7
:10218000E0E1E2E3E4E5E6E7E8E9EAEBECEDEEEFD7
:10219000F0F1F2F3F4F5F6F7F8F9FAFBFCFDFEFFC7
:1021A0007469636B5F6D732C726F775F7365712CED
:1021B0006C736D5F76616C69642C6C736D5F6167C5
:1021C000655F6D732C6C736D5F6163635F785F6DCA
:1021D000672C6C736D5F6163635F795F6D672C6CF7
:1021E000736D5F6163635F7A5F6D672C6C736D5FA6
:1021F0006779726F5F785F6D6470732C6C736D5F5D
:102200006779726F5F795F6D6470732C6C736D5F4B
:102210006779726F5F7A5F6D6470732C6C736D5F3A
:1022200074656D705F632C68335F76616C69642CD4
:1022300068335F6167655F6D732C68335F726177C8
:102240005F782C68335F7261775F792C68335F72D7
:1022500061775F7A2C68335F6163635F785F6D6776
:102260002C68335F6163635F795F6D672C68335FF0
:102270006163635F7A5F6D672C716D615F76616C1E
:1022800069642C716D615F6167655F6D732C716D41
:10229000615F7261775F782C716D615F7261775FEA
:1022A000792C716D615F7261775F7A2C716D615FFE
:1022B0006163635F785F6D672C716D615F616363FC
:1022C0005F795F6D672C716D615F6163635F7A5FDA
:1022D0006D670D0A005068617365204220534420E9
:1022E000777269746520746573740D0A00000000CC
:1022F0000000024201000000000002420300000052
:10230000000002420600000000040242010000003A
:10231000000402420A00000000080242020000001D
:10232000000C02420D000000000C024202000000FE
:10233000000802420A0000000004024200000000FF
:10234000000802420C0000000004024203000000EA
:1023500000040242040000000010024200000000DD
:1023600000100242020000000010024203000000C0
:10237000006CDC0200366E010024F400001BB70084
:1023800000093D0080841E00504B140040420F00A5
:1023900000E02E000070170000A00F0000B80B0036
:1023A000801A0600400D030088070200A086010085
:1023B000010002000400060008000A000C001000E2
:1023C000200040008000000101010103070100001E
:1023D0000804020408010101DE26010800000000D3
:1023E00000000000000000000000000000040000E9
:1023F000200000000000000000000000FA26010894
:1024000000000000000000000000000000000000CC
:102410000010000018000000000000000000000094
:102420000527010800000000000000000000000077
:102430000000000000080000200000000000000074
:1024400000000000ED260108000000000000000070
:102450000000000000000000000400002000000058
:1024600000000000000000001C270108020000001E
:102470000000000000000000122701080200000018
:1024800000000000000000003D3D3D3D3D3D3D3D64
:102490003D3D3D3D3D3D3D3D3D3D3D3D3D3D3D3D6C
:1024A0003D3D3D3D3D3D3D3D3D3D3D3D3D3D3D3D5C
:1024B0000D0A0D0020205553422046533A2050412A
:1024C000313128442D29205041313228442B290D07
:1024D000002020535049323A20504231302F50438F
:1024E000322F504331202B2050433528435329208D
:1024F0002848334C4953313030444C290D002020BA
:10250000535049323A20504231302F5043322F50ED
:102510004331202B20504134284353292028514D4A
:10252000413631303050290D002020535049313A86
:10253000205041352F5041362F504137202B20500D
:1025400043342843532920284C534D3644534F5885
:10255000290D005BE5889DE5A78BE58C965D2053F2
:10256000444D4D433120E5889DE5A78BE58C96E5EC
:10257000AE8CE688902028E6A380E6B58BE588B08F
:102580005344E58DA1290D00202053444D4D433186
:102590003A205043382F5043392F504331302F5079
:1025A0004331312F50433132202B205044322C20E4
:1025B0004445543D504331330D000D0A3D3D3D3DF2
:1025C0003D3D3D3D3D3D3D3D3D3D3D3D3D3D3D3D3B
:1025D0003D3D3D3D3D3D3D3D3D3D3D3D3D3D3D3D2B
:1025E0003D3D3D3D0D005BE5889DE5A78BE58C9667
:1025F0005D205350493120E5889DE5A78BE58C96F9
:10260000E5AE8CE688900D005BE5889DE5A78BE53F
:102610008C965D205350493220E5889DE5A78BE5D7
:102620008C96E5AE8CE688900D005BE5889DE5A76D
:102630008BE58C965D20555342204F5447204653DE
:102640002050434420E5889DE5A78BE58C96E5AEB8
:102650008CE688900D005BE5889DE5A78BE58C9660
:102660005D20E69CAAE6A380E6B58BE588B05344DE
:10267000E58DA1EFBC8CE5B7B2E8B7B3E8BF872022
:1026800053444D4D433120E58DA1E5889DE5A78B51
:10269000E58C960D00202053544D33325535373597
:1026A000204672656552544F5320E4B889E4BCA0BB
:1026B000E6849FE599A8E5B9B3E58FB00D005B4CC2
:1026C0006F676765725D2073796E63206661696C00
:1026D00065643A20257320282564290D0A00683393
:1026E0006C6973313030646C5461736B00716D616F
:1026F00036313030705461736B006C6F6767657290
:102700005461736B006C736D3664736F78546173CE
:102710006B00737069324D7574657800736E61700B
:1027200073686F744D75746578005B4661744673A9
:102730005D20E59B9EE8AFBBE68993E5BC80E5A400
:10274000B1E8B4A53A20257320282564290D0A0094
:102750005B46617446735D20E5908CE6ADA5E6B5F9
:102760008BE8AF95E69687E4BBB6E5A4B1E8B4A5DF
:102770003A20257320282564290D0A005B466174E0
:1027800046735D20E585B3E997ADE6B58BE8AF9577
:10279000E69687E4BBB6E5A4B1E8B4A53A20257374
:1027A00020282564290D0A005B46617446735D206C
:1027B000E59B9EE8AFBBE5A4B1E8B4A53A2025733C
:1027C00020282564290D0A00256C752C256C752C94
:1027D00025752C256C752C252E31662C252E316601
:1027E0002C252E31662C252E31662C252E31662C7B
:1027F000252E31662C252E31662C25752C256C75E1
:102800002C25642C25642C25642C252E31662C2542
:102810002E31662C252E31662C25752C256C752CB9
:1028200025642C25642C25642C252E31662C252E20
:1028300031662C252E31660D0A005B4661744673A5
:102840005D20E59B9EE8AFBBE58685E5AEB9E4B8C3
:102850008DE58CB9E9858D3A2025730D0A005B461C
:10286000617446735D20E58699E585A5E6B58BE83C
:10287000AF95E69687E4BBB6E5A4B1E8B4A53A20E7
:10288000257320282564292C207772697474656E5D
:102890003D25750D0A005B46617446735D20E9981D
:1028A000B6E6AEB542E6B58BE8AF95E68890E58A28
:1028B0009F3A20E68C82E8BDBD2FE58699E585A587
:1028C0002FE585B3E997AD2FE59B9EE8AFBB20E5EB
:1028D000B7B2E9809AE8BF870D005B466174467322
:1028E0005D20E69CAAE6A380E6B58BE588B053445C
:1028F000E58DA1EFBC8CE8B7B3E8BF87E69687E427
:10290000BBB6E7B3BBE7BB9FE6B58BE8AF950D0061
:102910005B46617446735D20E5BA95E5B182E68950
:1029200087E58CBAE8AFBBE58F96E9AA8CE8AF8162
:10293000E5A4B1E8B4A50D00303A0046525F444525
:102940004E4945440046525F4C4F434B4544004678
:10295000525F4E4F545F454E41424C4544004652F3
:102960005F57524954455F50524F54454354454474
:102970000046525F4D4B46535F41424F52544544CF
:102980000046525F4E4F5F46494C450046525F49F4
:102990004E56414C49445F4E414D450046525F4EB4
:1029A0004F545F454E4F5547485F434F5245004691
:1029B000525F494E56414C49445F44524956450086
:1029C000303A2F4C4F470046525F4E4F5F504154B4
:1029D000480046525F4F4B0046525F4E4F5F46499C
:1029E0004C4553595354454D0046525F554E4B4E3E
:1029F0004F574E0046525F494E56414C49445F5036
:102A00004152414D455445520046525F4449534B53
:102A10005F4552520046525F494E545F4552520044
:102A200046525F544F4F5F4D414E595F4F50454E98
:102A30005F46494C45530046525F494E56414C490A
:102A4000445F4F424A4543540046525F45584953FC
:102A5000540046525F54494D454F555400303A2F6B
:102A60005048415345422E5458540046525F4E4FF1
:102A7000545F524541445900546D7251005B4C53B0
:102A80004D3644534F585D20E5889DE5A78BE58C76
:102A900096E68890E58A9F2028E58AA0E9809FE550
:102AA000BAA63A2B2F2D346720313034487A2C20A7
:102AB000E99980E89EBAE4BBAA3A2B2F2D32303038
:102AC0003064707320313034487A290D005B514DE9
:102AD0004136313030505D20696E6974206661691D
:102AE0006C65642028434849505F49443D3078254F
:102AF0003032582075707065723D3078253032580C
:102B00002065787065637465645F75707065723D8B
:102B1000307825303258290D0A005B514D4136314D
:102B200030305020444941475D204857206D6F6444
:102B3000653D2573207265743D25642054583D5BC6
:102B400038302030305D2052583D5B2530325820DF
:102B5000253032585D0D0A005B514D413631303021
:102B60005020444941475D2048572070756C6C3DAA
:102B70002573207472793D2575207265743D256436
:102B80002054583D5B38302030305D2052583D5B3A
:102B90002530325820253032585D0D0A005B514DEA
:102BA00041363130305020444941475D20252D3198
:102BB0003273207265673D30782530325820726557
:102BC000743D25642054583D5B2530325820253013
:102BD00032585D2052583D5B253032582025303226
:102BE000585D0D0A005B514D413631303050204464
:102BF0004941475D20434849505F494420747279F8
:102C00003D2575207265743D25642054583D5B2533
:102C100030325820253032585D2052583D5B2530E7
:102C2000325820253032585D0D0A005B514D413637
:102C30003130305020444941475D203D3D3D3D3DD0
:102C400020656E64203D3D3D3D3D0D0A0D005B510C
:102C50004D4136313030505D20696E6974206F6BA4
:102C600020282B2F2D346720313030487A290D0051
:102C70005B514D41363130305020444941475D2051
:102C800048696E743A2052583D5B46462046465D80
:102C900020757375616C6C79206D65616E7320743D
:102CA000686520736C617665206973206E6F74208F
:102CB00064726976696E67204D49534F206F7220A8
:102CC000435320697320696E65666665637469762F
:102CD000652E0D005B514D41363130305020444956
:102CE00041475D2048696E743A2070756C6C2D7593
:102CF000702D3E464620616E642070756C6C2D64AC
:102D00006F776E2D3E303020757375616C6C792055
:102D10006D65616E73204D49534F20697320666C59
:102D20006F6174696E672E0D005B514D4136313015
:102D3000305020444941475D2050696E733A20432A
:102D4000533D5041342053434B3D50423130204D90
:102D500049534F3D504332204D4F53493D5043312D
:102D60000D000D0A5B514D41363130305020444941
:102D700041475D203D3D3D3D3D20626567696E20D8
:102D80003D3D3D3D3D0D004D4F444530004D4F44D0
:102D90004531004D4F444532004D4F4445330043CB
:102DA0004849505F494400504F5745525F4D414E8E
:102DB0004147450052414E474500434849505F5303
:102DC00054415445004E4F50554C4C004E564D000A
:102DD00050554C4C444F574E0050554C4C5550009C
:102DE00042575F4F4452005B48334C4953313030B7
:102DF000444C5D20696E6974206661696C6564206D
:102E0000284354524C5F52454731207665726966BB
:102E1000792C20726561643D307825303258290D57
:102E20000A005B48334C4953313030444C2044490C
:102E300041475D204857206D6F64653D25732072C2
:102E400065743D25642054583D5B38462030305D24
:102E50002052583D5B2530325820253032585D0DC8
:102E60000A005B48334C4953313030444C204449CC
:102E700041475D2048572070756C6C3D2573207468
:102E800072793D2575207265743D25642054583D46
:102E90005B38462030305D2052583D5B253032583B
:102EA00020253032585D0D0A005B48334C495331C0
:102EB0003030444C20444941475D20252D39732052
:102EC0007265673D307825303258207265743D2533
:102ED000642054583D5B2530325820253032585DEF
:102EE0002052583D5B2530325820253032585D0D38
:102EF0000A005B48334C4953313030444C2044493C
:102F000041475D2057484F5F414D5F4920747279BA
:102F10003D2575207265743D25642054583D5B2520
:102F200030325820253032585D2052583D5B2530D4
:102F3000325820253032585D0D0A005B48334C4929
:102F400053313030444C20444941475D203D3D3DA4
:102F50003D3D20656E64203D3D3D3D3D0D0A0D002B
:102F60005B48334C4953313030444C5D20696E69C5
:102F700074206661696C656420284354524C5F522A
:102F8000454731290D005B48334C495331303044BB
:102F90004C5D20696E6974206661696C65642028E7
:102FA0004354524C5F52454734290D005B48334C23
:102FB0004953313030444C5D20696E6974206F6B29
:102FC00020282B2F2D3130306720313030487A299E
:102FD0000D005B48334C4953313030444C20444958
:102FE00041475D2048696E743A2052583D5B464621
:102FF0002046465D20757375616C6C79206D656146
:103000006E732074686520736C6176652069732027
:103010006E6F742064726976696E67204D49534FF4
:10302000206F7220435320697320696E6566666560
:1030300063746976652E0D005B48334C495331301B
:1030400030444C20444941475D2048696E743A2021
:1030500070756C6C2D75702D3E464620616E642037
:1030600070756C6C2D646F776E2D3E3030207573EB
:1030700075616C6C79206D65616E73204D49534F9D
:1030800020697320666C6F6174696E672E0D005B3A
:1030900048334C4953313030444C20444941475D1A
:1030A0002050696E733A2043533D504335205343BB
:1030B0004B3D50423130204D49534F3D504332201B
:1030C0004D4F53493D5043310D000D0A5B48334C81
:1030D0004953313030444C20444941475D203D3D07
:1030E0003D3D3D20626567696E203D3D3D3D3D0DA6
:1030F000004354524C5F52454731004354524C5F99
:1031000052454732004354524C5F524547340057B2
:10311000484F5F414D5F490053544154555300227D
:103120002A2B2C3A3B3C3D3E3F5B5D7C7F00000000
:103130003700000058310108000000202000000086
:10314000581701087831010820000020C85D0000F0
:1031500068170108000000000000000001000000E6
:103160001000000023DBF93D00008C4200093D0007
:08317000AAAAAAAA00000000AF
:0400000508000239B4
:00000001FF
